Reporter,Element,Year,Item,Afghanistan,Albania,Algeria,Angola,Antigua and Barbuda,Argentina,Armenia,Aruba,Australia,Austria,Azerbaijan,Bahamas,Bahrain,Bangladesh,Barbados,Belarus,Belgium,Benin,Bermuda,Bhutan,Bolivia (Plurinational State of),Bosnia and Herzegovina,Botswana,Brazil,British Virgin Islands,Brunei Darussalam,Bulgaria,Burkina Faso,Cambodia,Cameroon,Canada,Cape Verde,Cayman Islands,Central African Republic,Chad,Chile,China,"China, Hong Kong SAR","China, Macao SAR",Colombia,Comoros,Congo,Cook Islands,Costa Rica,Côte d'Ivoire,Croatia,Cuba,Cyprus,Czech Republic,Democratic People's Republic of Korea,Democratic Republic of the Congo,Denmark,Djibouti,Dominican Republic,Ecuador,Egypt,El Salvador,Equatorial Guinea,Estonia,Ethiopia,Faroe Islands,Fiji,Finland,France,French Polynesia,Gabon,Gambia,Georgia,Germany,Ghana,Greece,Greenland,Grenada,Guam,Guatemala,Guinea,Haiti,Honduras,Hungary,Iceland,India,Indonesia,Iran (Islamic Republic of),Iraq,Ireland,Israel,Italy,Jamaica,Japan,Jordan,Kazakhstan,Kenya,Kuwait,Kyrgyzstan,Lao People's Democratic Republic,Latvia,Lebanon,Liberia,Libya,Lithuania,Luxembourg,Madagascar,Malawi,Malaysia,Maldives,Mali,Malta,Mauritius,Mayotte,Mexico,Mongolia,Montenegro,Morocco,Mozambique,Myanmar,Namibia,Nepal,Netherlands,Netherlands Antilles,New Caledonia,New Zealand,Nicaragua,Niger,Nigeria,Niue,Norway,Oman,Pakistan,Panama,Papua New Guinea,Peru,Philippines,Poland,Portugal,Qatar,Republic of Korea,Republic of Moldova,Romania,Russian Federation,Rwanda,"Saint Helena, Ascension and Tristan da Cunha",Saint Kitts and Nevis,Saint Pierre and Miquelon,Sao Tome and Principe,Saudi Arabia,Senegal,Serbia,Seychelles,Sierra Leone,Singapore,Slovakia,Slovenia,South Africa,Spain,Sri Lanka,Sudan (former),Swaziland,Sweden,Switzerland,Syrian Arab Republic,Tajikistan,Thailand,The former Yugoslav Republic of Macedonia,Togo,Tonga,Trinidad and Tobago,Tunisia,Turkey,Turkmenistan,Uganda,Ukraine,United Arab Emirates,United Kingdom,United Republic of Tanzania,United States of America,Unspecified,Uzbekistan,Vanuatu,Viet Nam,Wallis and Futuna Islands,Yemen,Zambia,Zimbabwe,,export total,,,,,,,,,,,,,,,,,,,,,,,,,,,,,,,,,,,,,,,,,,,,,,,,,,,,,,,,,,,,,,,,,,,,,,,,,,,,,,,,,,,,,,,,,,,,,,,,,,,,,,,,,,,,,,,,,,,,,,,,,,,,,,,,,,,,,,,,,,,,,,,,,,,,,,,,,,,,,,,,,,,,,,,,,,,,,,,,,,,,,,,
Afghanistan,Export Quantity,2009,Fruit Fresh Nes,,,,,,,,,,,,,,,,,,,,,,,,,,,,,,,,,,,,,,,,,,,,,,,,,,,,,,,,,,,,,,,,,,,,,,,,,,,,,,,,,714,,74,,,,,,,,,,,,,,,,,,,,,,,,,,,,,,,,,,,,,,,,,,,,,"12,815.00",,,,,,,,,,,,,,,,,,,,,,,,,,,,,,,,,9,,,,,,,,20,,,,,,,,,,,,,,,,13632,0,0,0,0,0,0,0,0,0,0,0,0,0,0,0,0,0,0,0,0,0,0,0,0,0,0,0,0,0,0,0,0,0,0,0,0,0,0,0,0,0,0,0,0,0,0,0,0,0,0,0,0,0,0,0,0,0,0,0,0,0,0,0,0,0,0,0,0,0,0,0,0,0,0,0,0,0,0,0,0,0.052376761,0,0.005428404,0,0,0,0,0,0,0,0,0,0,0,0,0,0,0,0,0,0,0,0,0,0,0,0,0,0,0,0,0,0,0,0,0,0,0,0,0,0,0,0,0,0,0,0,0.940067488,0,0,0,0,0,0,0,0,0,0,0,0,0,0,0,0,0,0,0,0,0,0,0,0,0,0,0,0,0,0,0,0,0.000660211,0,0,0,0,0,0,0,0.001467136,0,0,0,0,0,0,0,0,0,0,0,0,0,0
Albania,Export Quantity,2009,Fruit Fresh Nes,,,,,,,,,,,,,,,,,,,,,,,,,,,2,,,,19,,,,,,,,,,,,,,,,,,,,,,,,,,,,,,,,,,,,,,,,,,,,,,,,,,,,,,,,,,,,,,,,,,,,,,,,,,,,,,,,,,,,,,,,,,,,,,,,,,,,,,,,,,,,,,,,,,,,,,,,7,,,,,,,,,,,,1,,,,,,,,,,,,,,,,,,,,,,29,0,0,0,0,0,0,0,0,0,0,0,0,0,0,0,0,0,0,0,0,0,0,0,0,0,0,0.068965517,0,0,0,0.655172414,0,0,0,0,0,0,0,0,0,0,0,0,0,0,0,0,0,0,0,0,0,0,0,0,0,0,0,0,0,0,0,0,0,0,0,0,0,0,0,0,0,0,0,0,0,0,0,0,0,0,0,0,0,0,0,0,0,0,0,0,0,0,0,0,0,0,0,0,0,0,0,0,0,0,0,0,0,0,0,0,0,0,0,0,0,0,0,0,0,0,0,0,0,0,0,0,0,0,0,0,0,0,0,0,0,0,0,0,0,0,0,0,0,0,0,0,0,0,0,0.24137931,0,0,0,0,0,0,0,0,0,0,0,0.034482759,0,0,0,0,0,0,0,0,0,0,0,0,0,0,0,0,0,0,0,0
Algeria,Export Quantity,2009,Fruit Fresh Nes,,,,,,,,,,,,,,,,,,,,,,,,,,,,,,,,,,,,,,,,,,,,,,,,,,,,,,,,,,,,,,,,,,,,,0,,,,,,,,,,,,,,,,,,,,,,,,,,,,,,,,,,,,,,,,,,,,,,,,,,,,,,,,,,,,,,,,,,,,,,,,,,,,,,,,,,,,,,,,,,,,,,,,,,,,,,,,,,,,,,,,,,,,0.3,0,0,0,0,0,0,0,0,0,0,0,0,0,0,0,0,0,0,0,0,0,0,0,0,0,0,0,0,0,0,0,0,0,0,0,0,0,0,0,0,0,0,0,0,0,0,0,0,0,0,0,0,0,0,0,0,0,0,0,0,0,0,0,0,0,0,0,0,0,0,0,0,0,0,0,0,0,0,0,0,0,0,0,0,0,0,0,0,0,0,0,0,0,0,0,0,0,0,0,0,0,0,0,0,0,0,0,0,0,0,0,0,0,0,0,0,0,0,0,0,0,0,0,0,0,0,0,0,0,0,0,0,0,0,0,0,0,0,0,0,0,0,0,0,0,0,0,0,0,0,0,0,0,0,0,0,0,0,0,0,0,0,0,0,0,0,0,0,0,0,0,0,0,0,0,0,0,0,0,0,0,0,0
Argentina,Export Quantity,2009,Fruit Fresh Nes,,,,,,,,,,,,,,,,,,,,,,,,,,,,,,,,,,,,,,,,,,,,,,,,,,,,,,,,,,,,,,,,1,,,,,,,,,,,,,,,,,,,,,,,,,,,,,,,,,,,,,,,,,,,,,,,,,,,,,,,,,,,,,,,,,,,,,,,,,,,42,,,,,,,,,,,,,,,,,,,,,,,,,,,,,,,,,,,,,,,,,,,,,,43,0,0,0,0,0,0,0,0,0,0,0,0,0,0,0,0,0,0,0,0,0,0,0,0,0,0,0,0,0,0,0,0,0,0,0,0,0,0,0,0,0,0,0,0,0,0,0,0,0,0,0,0,0,0,0,0,0,0,0,0,0,0,0,0.023255814,0,0,0,0,0,0,0,0,0,0,0,0,0,0,0,0,0,0,0,0,0,0,0,0,0,0,0,0,0,0,0,0,0,0,0,0,0,0,0,0,0,0,0,0,0,0,0,0,0,0,0,0,0,0,0,0,0,0,0,0,0,0,0,0,0,0,0,0,0,0,0,0,0,0,0.976744186,0,0,0,0,0,0,0,0,0,0,0,0,0,0,0,0,0,0,0,0,0,0,0,0,0,0,0,0,0,0,0,0,0,0,0,0,0,0,0,0,0,0,0,0
Armenia,Export Quantity,2009,Fruit Fresh Nes,,,,,,,,,,,,,,,,,,,,,,,,,,,,,,,,,,,,,,,,,,,,,,,,,,,,,,,,,,,,,,,,,,,,,,,,,,,,,,,,,,,,,,,,,,,,,,,,,,,,,,,,,,,,,,,,,,,,,,,,,,,,,,,,,,,,,,,,,,,55,,,,,,,,,,,,,,,,,,,,,,,,,,,,,,,,,,,,,,,,,,,,,,55,0,0,0,0,0,0,0,0,0,0,0,0,0,0,0,0,0,0,0,0,0,0,0,0,0,0,0,0,0,0,0,0,0,0,0,0,0,0,0,0,0,0,0,0,0,0,0,0,0,0,0,0,0,0,0,0,0,0,0,0,0,0,0,0,0,0,0,0,0,0,0,0,0,0,0,0,0,0,0,0,0,0,0,0,0,0,0,0,0,0,0,0,0,0,0,0,0,0,0,0,0,0,0,0,0,0,0,0,0,0,0,0,0,0,0,0,0,0,0,0,0,0,0,0,0,0,0,0,0,0,0,0,0,0,0,0,0,0,1,0,0,0,0,0,0,0,0,0,0,0,0,0,0,0,0,0,0,0,0,0,0,0,0,0,0,0,0,0,0,0,0,0,0,0,0,0,0,0,0,0,0,0,0
Aruba,Export Quantity,2009,Fruit Fresh Nes,,,,,,,,,,,,,,,,,,,,,,,,,,,,,,,,,,,,,,,,,,,,,,,,,,,,,,,,,,,,,,,,,,,,,,,,,,,,,,,,,,,,,,,,,,,,,,,,,,,,,,,,,,,,,,,,,,,,,,,,,,,,,,,,,,,,,,,,,,,,,,,,,,,,,,,,,,,,,,,,,,,,,,,,,,,,,,,,0,,,,,,,,,0.3,0,0,0,0,0,0,0,0,0,0,0,0,0,0,0,0,0,0,0,0,0,0,0,0,0,0,0,0,0,0,0,0,0,0,0,0,0,0,0,0,0,0,0,0,0,0,0,0,0,0,0,0,0,0,0,0,0,0,0,0,0,0,0,0,0,0,0,0,0,0,0,0,0,0,0,0,0,0,0,0,0,0,0,0,0,0,0,0,0,0,0,0,0,0,0,0,0,0,0,0,0,0,0,0,0,0,0,0,0,0,0,0,0,0,0,0,0,0,0,0,0,0,0,0,0,0,0,0,0,0,0,0,0,0,0,0,0,0,0,0,0,0,0,0,0,0,0,0,0,0,0,0,0,0,0,0,0,0,0,0,0,0,0,0,0,0,0,0,0,0,0,0,0,0,0,0,0,0,0,0,0,0,0
Australia,Export Quantity,2009,Fruit Fresh Nes,,,,,,,,,,,,,5,,,,,,,,,,,,,1,,,,,6,,,,,,,87,,,,,,,,,,,,,,,,,,,,,,,,69,,,47,,,,,,,,,,,,,,,,,8,,,,,,,,0,,,0,,,,1,,,,,,,88,0,,,,,,,,,,,,,,,37,54,,,,,,,,,0,,,,,1,,,,15,,,,,,1,,,,,371,,,,0,,,,,,,,35,,,,,,,,,,3,4,,,,,,2,,,,,,835,0,0,0,0,0,0,0,0,0,0,0,0,0.005988024,0,0,0,0,0,0,0,0,0,0,0,0,0.001197605,0,0,0,0,0.007185629,0,0,0,0,0,0,0.104191617,0,0,0,0,0,0,0,0,0,0,0,0,0,0,0,0,0,0,0,0,0,0,0,0.082634731,0,0,0.056287425,0,0,0,0,0,0,0,0,0,0,0,0,0,0,0,0,0.009580838,0,0,0,0,0,0,0,0,0,0,0,0,0,0,0.001197605,0,0,0,0,0,0,0.105389222,0,0,0,0,0,0,0,0,0,0,0,0,0,0,0,0.044311377,0.064670659,0,0,0,0,0,0,0,0,0,0,0,0,0,0.001197605,0,0,0,0.017964072,0,0,0,0,0,0.001197605,0,0,0,0,0.444311377,0,0,0,0,0,0,0,0,0,0,0,0.041916168,0,0,0,0,0,0,0,0,0,0.003592814,0.004790419,0,0,0,0,0,0.00239521,0,0,0,0
Austria,Export Quantity,2009,Fruit Fresh Nes,,,,,,,,,,,,,,,,,18,,,,,,,,,,,,,,,,,,,,,,,,,,,,,,,,116,,,,,,,,,,,,,,,148,,,,,"5,645.00",,,,,,,,,,77,,,,,,,,30,,,,,,,,,,,,,,,,,,,,,,,,,,,,,,,414,,,,,,,,,,,,,,,9,,,,,,,,,,,,,,,,,,80,78,,,,,,249,1,,,,,,,,,0,,,,,0,,,,,,,,,,,,6865,0,0,0,0,0,0,0,0,0,0,0,0,0,0,0,0,0.002621996,0,0,0,0,0,0,0,0,0,0,0,0,0,0,0,0,0,0,0,0,0,0,0,0,0,0,0,0,0,0,0,0.016897305,0,0,0,0,0,0,0,0,0,0,0,0,0,0,0.021558631,0,0,0,0,0.822286963,0,0,0,0,0,0,0,0,0,0.011216315,0,0,0,0,0,0,0,0.004369993,0,0,0,0,0,0,0,0,0,0,0,0,0,0,0,0,0,0,0,0,0,0,0,0,0,0,0,0,0,0,0.060305899,0,0,0,0,0,0,0,0,0,0,0,0,0,0,0.001310998,0,0,0,0,0,0,0,0,0,0,0,0,0,0,0,0,0,0.011653314,0.011361981,0,0,0,0,0,0.03627094,0.000145666,0,0,0,0,0,0,0,0,0,0,0,0,0,0,0,0,0,0,0,0,0,0,0,0
Azerbaijan,Export Quantity,2009,Fruit Fresh Nes,,,,,,,,,,,,,,,,153,,,,,,,,,,,,,,,,,,,,,,,,,,,,,,,,,,,,,,,,,,,,,,,,,,,,434,,,,,,,,,,,,,,,,,,,,,,,131,,,,,,,,,,,,,,,,,,,,,,,,,,,,,,,,,,,,,,,,,,,,,,,,"94,962.00",,,,,,,,,,,,,,,,,,,,,,,,,,,,,,27,,"12,394.00",19,,,,,,,,,,,,,108120,0,0,0,0,0,0,0,0,0,0,0,0,0,0,0,0.001415094,0,0,0,0,0,0,0,0,0,0,0,0,0,0,0,0,0,0,0,0,0,0,0,0,0,0,0,0,0,0,0,0,0,0,0,0,0,0,0,0,0,0,0,0,0,0,0,0,0,0,0,0.004014058,0,0,0,0,0,0,0,0,0,0,0,0,0,0,0,0,0,0,0,0,0,0,0.001211617,0,0,0,0,0,0,0,0,0,0,0,0,0,0,0,0,0,0,0,0,0,0,0,0,0,0,0,0,0,0,0,0,0,0,0,0,0,0,0,0,0,0,0,0,0,0,0,0.878301887,0,0,0,0,0,0,0,0,0,0,0,0,0,0,0,0,0,0,0,0,0,0,0,0,0,0,0,0,0,0.000249723,0,0.11463189,0.000175731,0,0,0,0,0,0,0,0,0,0,0
Barbados,Export Quantity,2009,Fruit Fresh Nes,,,,,,,,,,,,,,,,,,,,,,,,,,,,,,,,,,,,,,,,,,,,,,,,,,,,,,,,,,,,,,,,,,,,,,,,,,,,,,,,,,,,,,,,,,,,,,,,,,,,,,,,,,,,,,,,,,,,,,,,,,,,,,,,,,,,,,,,,,,,,,,,,,,,,,,,,,,,,,,,,,,,,,,,,,,,,97,,0,,,,,,,,,,97,0,0,0,0,0,0,0,0,0,0,0,0,0,0,0,0,0,0,0,0,0,0,0,0,0,0,0,0,0,0,0,0,0,0,0,0,0,0,0,0,0,0,0,0,0,0,0,0,0,0,0,0,0,0,0,0,0,0,0,0,0,0,0,0,0,0,0,0,0,0,0,0,0,0,0,0,0,0,0,0,0,0,0,0,0,0,0,0,0,0,0,0,0,0,0,0,0,0,0,0,0,0,0,0,0,0,0,0,0,0,0,0,0,0,0,0,0,0,0,0,0,0,0,0,0,0,0,0,0,0,0,0,0,0,0,0,0,0,0,0,0,0,0,0,0,0,0,0,0,0,0,0,0,0,0,0,0,0,0,0,0,0,0,0,0,0,0,0,0,0,0,0,1,0,0,0,0,0,0,0,0,0,0
Belarus,Export Quantity,2009,Fruit Fresh Nes,,,,,,,,,,,,,,,,,,,,,,,,,,,,,,,,,,,,,,,,,,,,,,,,,,,,,,,,,,,,,,,,,,,,,,,,,,,,,,,,,,,,,,,,,,,,,,,,,,,,,,,,,,,,,,,,,,,,,,,,,,,,,,,,,,,,,19,,,,,,3,,,,,,,,,,,,,,,,,,,,,,,,,,,,,,,,,,,,,,,,,,,,,,22,0,0,0,0,0,0,0,0,0,0,0,0,0,0,0,0,0,0,0,0,0,0,0,0,0,0,0,0,0,0,0,0,0,0,0,0,0,0,0,0,0,0,0,0,0,0,0,0,0,0,0,0,0,0,0,0,0,0,0,0,0,0,0,0,0,0,0,0,0,0,0,0,0,0,0,0,0,0,0,0,0,0,0,0,0,0,0,0,0,0,0,0,0,0,0,0,0,0,0,0,0,0,0,0,0,0,0,0,0,0,0,0,0,0,0,0,0,0,0,0,0,0,0,0,0,0,0,0,0,0,0,0,0.863636364,0,0,0,0,0,0.136363636,0,0,0,0,0,0,0,0,0,0,0,0,0,0,0,0,0,0,0,0,0,0,0,0,0,0,0,0,0,0,0,0,0,0,0,0,0,0,0,0,0,0,0,0
Belgium,Export Quantity,2009,Fruit Fresh Nes,,,,,,,,,,103,,,,,,,,,,,,,,,,,,,,,2,,,,,,,,,,,,,,,,,,54,,15,97,,,,,,,2,,,,67,"2,336.00",,,,,960,,12,,,,,,,,2,4,,,,,1,,85,,0,1,,,,,,3,3,,,51,207,,,,,,0,,,,,,,,,,,"1,729.00",,,,,,,,31,,,,,,,7,715,2,,,,277,,,,,,,,,,,,0,,,273,,,,318,47,,,,,,,,,,,,,,131,,,,,,,,,,,,7535,0,0,0,0,0,0,0,0,0,0.013669542,0,0,0,0,0,0,0,0,0,0,0,0,0,0,0,0,0,0,0,0,0.000265428,0,0,0,0,0,0,0,0,0,0,0,0,0,0,0,0,0,0.007166556,0,0.00199071,0.012873258,0,0,0,0,0,0,0.000265428,0,0,0,0.008891838,0.310019907,0,0,0,0,0.127405441,0,0.001592568,0,0,0,0,0,0,0,0.000265428,0.000530856,0,0,0,0,0.000132714,0,0.01128069,0,0,0.000132714,0,0,0,0,0,0.000398142,0.000398142,0,0,0.006768414,0.027471798,0,0,0,0,0,0,0,0,0,0,0,0,0,0,0,0,0.229462508,0,0,0,0,0,0,0,0.004114134,0,0,0,0,0,0,0.000928998,0.094890511,0.000265428,0,0,0,0.036761778,0,0,0,0,0,0,0,0,0,0,0,0,0,0,0.036230922,0,0,0,0.042203052,0.006237558,0,0,0,0,0,0,0,0,0,0,0,0,0,0.017385534,0,0,0,0,0,0,0,0,0,0
Bosnia and Herzegovina,Export Quantity,2009,Fruit Fresh Nes,,,,,,,,,,0,,,,,,,,,,,,,,,,,,,,,,,,,,,,,,,,,,,,7,,,0,,,,,,,,,,,,,,,,,,,,0,,,,,,,,,,,,,,,,,,4,,,,,,,,,,,,,,,,,,,,,,,,,,,,,,,0,,,,,,,,,,,,,,,,0,,,,,,,,,,,,,,,,,,0,,,,,,,,,,,,,,,,,,,,,0,,,,,,,,,,,,11,0,0,0,0,0,0,0,0,0,0,0,0,0,0,0,0,0,0,0,0,0,0,0,0,0,0,0,0,0,0,0,0,0,0,0,0,0,0,0,0,0,0,0,0,0,0.636363636,0,0,0,0,0,0,0,0,0,0,0,0,0,0,0,0,0,0,0,0,0,0,0,0,0,0,0,0,0,0,0,0,0,0,0,0,0,0,0,0,0.363636364,0,0,0,0,0,0,0,0,0,0,0,0,0,0,0,0,0,0,0,0,0,0,0,0,0,0,0,0,0,0,0,0,0,0,0,0,0,0,0,0,0,0,0,0,0,0,0,0,0,0,0,0,0,0,0,0,0,0,0,0,0,0,0,0,0,0,0,0,0,0,0,0,0,0,0,0,0,0,0,0,0,0,0,0,0,0,0,0,0,0,0,0,0,0,0,0
Botswana,Export Quantity,2009,Fruit Fresh Nes,,,,,,,,,,,,,,,,,,,,,,,,,,,,,,,,,,,,,,,,,,,,,,,,,,,,,,,,,,,,,,,,,,,,,0,,,,,,,,,,,,,,,,,,,,,,,,,,,,,,,,,,,,,,,,,,,,,,,0,,,,,,,,,,,,,,,,,,,,,,,,,,,,,,,,,,,,,0,,,,,,,,,,,,,,,,,,,,,,,,,,,,,,0,,0.3,0,0,0,0,0,0,0,0,0,0,0,0,0,0,0,0,0,0,0,0,0,0,0,0,0,0,0,0,0,0,0,0,0,0,0,0,0,0,0,0,0,0,0,0,0,0,0,0,0,0,0,0,0,0,0,0,0,0,0,0,0,0,0,0,0,0,0,0,0,0,0,0,0,0,0,0,0,0,0,0,0,0,0,0,0,0,0,0,0,0,0,0,0,0,0,0,0,0,0,0,0,0,0,0,0,0,0,0,0,0,0,0,0,0,0,0,0,0,0,0,0,0,0,0,0,0,0,0,0,0,0,0,0,0,0,0,0,0,0,0,0,0,0,0,0,0,0,0,0,0,0,0,0,0,0,0,0,0,0,0,0,0,0,0,0,0,0,0,0,0,0,0,0,0,0,0,0,0,0,0,0,0,0
Bulgaria,Export Quantity,2009,Fruit Fresh Nes,0,,,,,,,,,,,,,,,,,,,,,,,,,,,,,,,,,,,,,,,,,,,,,,,,,,,,,,,,,,,,,,,,,,,,,,0,,,,,,,,,,,,,,,0,,,,,,,,,,,,,,103,,,,,,,,,,,,,,,,,,,0,,,,,,,,,,,,,,,,,,,1,73,,,,,,,,,,,,,,,,,,,,,,,,,,,,,,,,17,,,,,1,,,,,,,,,195,0,0,0,0,0,0,0,0,0,0,0,0,0,0,0,0,0,0,0,0,0,0,0,0,0,0,0,0,0,0,0,0,0,0,0,0,0,0,0,0,0,0,0,0,0,0,0,0,0,0,0,0,0,0,0,0,0,0,0,0,0,0,0,0,0,0,0,0,0,0,0,0,0,0,0,0,0,0,0,0,0,0,0,0,0,0,0,0,0,0,0,0,0,0,0,0,0,0,0,0.528205128,0,0,0,0,0,0,0,0,0,0,0,0,0,0,0,0,0,0,0,0,0,0,0,0,0,0,0,0,0,0,0,0,0,0,0,0,0,0.005128205,0.374358974,0,0,0,0,0,0,0,0,0,0,0,0,0,0,0,0,0,0,0,0,0,0,0,0,0,0,0,0,0,0,0,0.087179487,0,0,0,0,0.005128205,0,0,0,0,0,0,0
Burkina Faso,Export Quantity,2009,Fruit Fresh Nes,,,,,,,,,,,,,,,,,,,,,,,,,,,,,,,,,,,,,,,,,,,,,,,,,,,,,,,,,,,,,,,,0,,,,,,,,,,,,,,,,,,,,,,,,,,,,,,,,,,,,,,,,,,,,,,,,,,,,,,,,,,,,,,,,,,,,,,,,,,,,,,,,,,,,,,,,,,,,,,,,,,,,,,,,,,,,,,,,,,,,,,,,,0.3,0,0,0,0,0,0,0,0,0,0,0,0,0,0,0,0,0,0,0,0,0,0,0,0,0,0,0,0,0,0,0,0,0,0,0,0,0,0,0,0,0,0,0,0,0,0,0,0,0,0,0,0,0,0,0,0,0,0,0,0,0,0,0,0,0,0,0,0,0,0,0,0,0,0,0,0,0,0,0,0,0,0,0,0,0,0,0,0,0,0,0,0,0,0,0,0,0,0,0,0,0,0,0,0,0,0,0,0,0,0,0,0,0,0,0,0,0,0,0,0,0,0,0,0,0,0,0,0,0,0,0,0,0,0,0,0,0,0,0,0,0,0,0,0,0,0,0,0,0,0,0,0,0,0,0,0,0,0,0,0,0,0,0,0,0,0,0,0,0,0,0,0,0,0,0,0,0,0,0,0,0,0,0
Burundi,Export Quantity,2009,Fruit Fresh Nes,,,,,,,,,,,,,,,,,15,,,,,,,,,,,,,,,,,,,,,,,,,,,,,,,,,,,,,,,,,,,,,,,,,,,,,,,,,,,,,,,,,,,,,,,,,,,,,,,,,,,,,,,,,,,,,,,,,,,,,,,,,,,,,,,,,,,,,,,,,,,97,,,,,,,,,,,,,,,,,,,,,,,,,,,,,,"22,960.00",,,,,,,,,,,,,,,23072,0,0,0,0,0,0,0,0,0,0,0,0,0,0,0,0,0.000650139,0,0,0,0,0,0,0,0,0,0,0,0,0,0,0,0,0,0,0,0,0,0,0,0,0,0,0,0,0,0,0,0,0,0,0,0,0,0,0,0,0,0,0,0,0,0,0,0,0,0,0,0,0,0,0,0,0,0,0,0,0,0,0,0,0,0,0,0,0,0,0,0,0,0,0,0,0,0,0,0,0,0,0,0,0,0,0,0,0,0,0,0,0,0,0,0,0,0,0,0,0,0,0,0,0,0,0,0,0,0,0,0,0,0,0,0,0,0,0,0,0,0,0.00420423,0,0,0,0,0,0,0,0,0,0,0,0,0,0,0,0,0,0,0,0,0,0,0,0,0,0,0,0,0,0.995145631,0,0,0,0,0,0,0,0,0,0,0,0,0
Cameroon,Export Quantity,2009,Fruit Fresh Nes,,,,,,,,,,,,,,,,,0,,,,,,,,,,,,,,,,,,,,,,,,,,,,,,,,,,,,,,,,,,,,,,,14,,,,,,,,,,,,,,,,,,,,,,,,,,,,,,,,,,,,,,,,,,,,,,,,,,,,,,,,,,,,,,,,,,,,,,,,,,,,,,,,,,,,,,,,,,,,,,,1,,,,,,,,,,,,,,,,,,,,,,,,,,15,0,0,0,0,0,0,0,0,0,0,0,0,0,0,0,0,0,0,0,0,0,0,0,0,0,0,0,0,0,0,0,0,0,0,0,0,0,0,0,0,0,0,0,0,0,0,0,0,0,0,0,0,0,0,0,0,0,0,0,0,0,0,0,0.933333333,0,0,0,0,0,0,0,0,0,0,0,0,0,0,0,0,0,0,0,0,0,0,0,0,0,0,0,0,0,0,0,0,0,0,0,0,0,0,0,0,0,0,0,0,0,0,0,0,0,0,0,0,0,0,0,0,0,0,0,0,0,0,0,0,0,0,0,0,0,0,0,0,0,0,0,0,0,0,0,0,0,0,0,0,0,0,0,0,0,0,0,0,0,0,0.066666667,0,0,0,0,0,0,0,0,0,0,0,0,0,0,0,0,0,0,0,0,0,0,0,0
Canada,Export Quantity,2009,Fruit Fresh Nes,,,,,,,,,,,,,,,,,,,,,,,,,,,,,,,,,,,,,,9,,,,,,,,,13,,,,,,,,,,,,,,,,,44,,,,,,,,,,,,,,,,,,1,,,,,,,,,,,,,,,,,,,,,,,,,,,,,,,,,,,,,,,,,,,,,,,,,,,,,1,,,,2,,,,150,,0,,,,,,,,,,,,,,,,,,,,,,,,,,,,,,0,,,,,,,,,,220,0,0,0,0,0,0,0,0,0,0,0,0,0,0,0,0,0,0,0,0,0,0,0,0,0,0,0,0,0,0,0,0,0,0,0,0,0,0.040909091,0,0,0,0,0,0,0,0,0.059090909,0,0,0,0,0,0,0,0,0,0,0,0,0,0,0,0,0.2,0,0,0,0,0,0,0,0,0,0,0,0,0,0,0,0,0,0.004545455,0,0,0,0,0,0,0,0,0,0,0,0,0,0,0,0,0,0,0,0,0,0,0,0,0,0,0,0,0,0,0,0,0,0,0,0,0,0,0,0,0,0,0,0,0,0,0,0,0,0,0,0,0.004545455,0,0,0,0.009090909,0,0,0,0.681818182,0,0,0,0,0,0,0,0,0,0,0,0,0,0,0,0,0,0,0,0,0,0,0,0,0,0,0,0,0,0,0,0,0,0,0,0,0,0,0,0
Chile,Export Quantity,2009,Fruit Fresh Nes,,,,,,35,,,,,,,,,,,,,,,7,,,72,,,,,,,62,,,,,,181,"1,392.00",,49,,,,3,,,,0,,,,,,,,,22,,,,,,,21,,,,,8,,,,,,4,,,,,,,,,,,,55,,13,,2,,,,,,,,,,,,,190,,,,,,88,,,,,,,,937,,,,,,,,,,,1,,22,,,,,,,,853,,,,,,,,,,,22,,,,133,,,,,1,,,,,,,,,,,,,18,376,,"2,314.00",0,,,,,,,,,6881,0,0,0,0,0,0.00508647,0,0,0,0,0,0,0,0,0,0,0,0,0,0,0.001017294,0,0,0.010463595,0,0,0,0,0,0,0.009010318,0,0,0,0,0,0.026304316,0.202296178,0,0.007121058,0,0,0,0.000435983,0,0,0,0,0,0,0,0,0,0,0,0,0.00319721,0,0,0,0,0,0,0.003051882,0,0,0,0,0.001162622,0,0,0,0,0,0.000581311,0,0,0,0,0,0,0,0,0,0,0,0.007993024,0,0.00188926,0,0.000290655,0,0,0,0,0,0,0,0,0,0,0,0,0.027612266,0,0,0,0,0,0.012788839,0,0,0,0,0,0,0,0.136172068,0,0,0,0,0,0,0,0,0,0,0.000145328,0,0.00319721,0,0,0,0,0,0,0,0.12396454,0,0,0,0,0,0,0,0,0,0,0.00319721,0,0,0,0.019328586,0,0,0,0,0.000145328,0,0,0,0,0,0,0,0,0,0,0,0,0.002615899,0.05464322,0,0.33628833,0,0,0,0,0,0,0,0
China,Export Quantity,2009,Fruit Fresh Nes,,,,,,,,,,,,,,,,,,,,,,,,,,,,,,,"1,239.00",,,,,,,"8,433.00","1,397.00",,,,,1,,,,,,2,,,,,,,,,,,,,,9,,,,,,,,,,,,,,,,,18,904,,,,,0,,346,,23,,,,,,,,,,,,,"3,645.00",,,,,,,0,,,,,,,33,,,3,,,,,,,27,,,,310,,,,1,,,"1,467.00",,,,,,,,,,,362,,,,,,,,,,,,"33,058.00",,,,,,,,,17,51,152,,"2,879.00",,,,"79,507.00",,,,,,133884,0,0,0,0,0,0,0,0,0,0,0,0,0,0,0,0,0,0,0,0,0,0,0,0,0,0,0,0,0,0,0.00925428,0,0,0,0,0,0,0.062987362,0.010434406,0,0,0,0,7.46915E-06,0,0,0,0,0,1.49383E-05,0,0,0,0,0,0,0,0,0,0,0,0,0,6.72224E-05,0,0,0,0,0,0,0,0,0,0,0,0,0,0,0,0,0.000134445,0.006752114,0,0,0,0,0,0,0.002584327,0,0.000171791,0,0,0,0,0,0,0,0,0,0,0,0,0.027225061,0,0,0,0,0,0,0,0,0,0,0,0,0,0.000246482,0,0,2.24075E-05,0,0,0,0,0,0,0.000201667,0,0,0,0.002315437,0,0,0,7.46915E-06,0,0,0.010957247,0,0,0,0,0,0,0,0,0,0,0.002703833,0,0,0,0,0,0,0,0,0,0,0,0.24691524,0,0,0,0,0,0,0,0,0.000126976,0.000380927,0.001135311,0,0.02150369,0,0,0,0.5938499,0,0,0,0
Colombia,Export Quantity,2009,Fruit Fresh Nes,,,,,,0,,12,,,,,,,,,"1,088.00",,,,,,,44,,,,,,,288,,,,,,2,46,,,,,,64,,,,,,,,26,,,431,,,,,,,,,287,,,,,"2,385.00",,,,,,6,,,,,,,,,,,0,89,,,,,,1,,,,,,,,,,,,,,,,,,,,,,,,,"4,485.00",15,,,,,,,0,,,1,,,,,35,,,,,14,,,,,,,,,,,,,,,144,,,,275,66,,,,,,,,,,,,,35,157,,23,,,,,,,,,,10019,0,0,0,0,0,0,0,0.001197724,0,0,0,0,0,0,0,0,0.108593672,0,0,0,0,0,0,0.004391656,0,0,0,0,0,0,0.028745384,0,0,0,0,0,0.000199621,0.004591277,0,0,0,0,0,0.006387863,0,0,0,0,0,0,0,0.002595069,0,0,0.043018265,0,0,0,0,0,0,0,0,0.028645573,0,0,0,0,0.238047709,0,0,0,0,0,0.000598862,0,0,0,0,0,0,0,0,0,0,0,0.008883122,0,0,0,0,0,9.98104E-05,0,0,0,0,0,0,0,0,0,0,0,0,0,0,0,0,0,0,0,0,0,0,0,0,0.447649466,0.001497155,0,0,0,0,0,0,0,0,0,9.98104E-05,0,0,0,0,0.003493363,0,0,0,0,0.001397345,0,0,0,0,0,0,0,0,0,0,0,0,0,0,0.014372692,0,0,0,0.027447849,0.006587484,0,0,0,0,0,0,0,0,0,0,0,0,0.003493363,0.015670227,0,0.002295638,0,0,0,0,0,0,0,0
Costa Rica,Export Quantity,2009,Fruit Fresh Nes,,,,,,,,,,,,,,,,,3,,,,,,,,,,,,,,0,,,,,,,,,7,,,,,,,,,,,,,,,,,652,,,,,,,,,,,,,,,,,,76,,,"1,026.00",,,,,,,,,5,,,,,,,,,,,,,,,,,,,,,,,,,,,,,,,0,,,,489,,,,,,,,,,,,,,,,,,,,,,,,,,,,,,,,,,,,,,,,,,,,,,,,,,,,,100,,,,,,,,,,2358,0,0,0,0,0,0,0,0,0,0,0,0,0,0,0,0,0.001272265,0,0,0,0,0,0,0,0,0,0,0,0,0,0,0,0,0,0,0,0,0,0,0.002968617,0,0,0,0,0,0,0,0,0,0,0,0,0,0,0,0,0.276505513,0,0,0,0,0,0,0,0,0,0,0,0,0,0,0,0,0,0.032230704,0,0,0.435114504,0,0,0,0,0,0,0,0,0.002120441,0,0,0,0,0,0,0,0,0,0,0,0,0,0,0,0,0,0,0,0,0,0,0,0,0,0,0,0,0,0,0,0,0,0,0.207379135,0,0,0,0,0,0,0,0,0,0,0,0,0,0,0,0,0,0,0,0,0,0,0,0,0,0,0,0,0,0,0,0,0,0,0,0,0,0,0,0,0,0,0,0,0,0,0,0,0,0,0,0,0.042408821,0,0,0,0,0,0,0,0
Côte d'Ivoire,Export Quantity,2009,Fruit Fresh Nes,,,,,,,,,,,,,,,,,,,,,,,,,,,,,,,,,,,,,,,,,,,,,,,,,,,,,,,,,,,,,,,,0,,,,,,,0,,,,0,,,,,,,,,,,,,,,,,,,,,,,0,,,,,,,,,,,,,,,,,,,,,,,,,,,,,,,16,,,,,,,,,,,,,,,,,,,,,,,,,9,,,,,,,,,,,,,50,,,,,,,,,150,,,,,,,,,225,0,0,0,0,0,0,0,0,0,0,0,0,0,0,0,0,0,0,0,0,0,0,0,0,0,0,0,0,0,0,0,0,0,0,0,0,0,0,0,0,0,0,0,0,0,0,0,0,0,0,0,0,0,0,0,0,0,0,0,0,0,0,0,0,0,0,0,0,0,0,0,0,0,0,0,0,0,0,0,0,0,0,0,0,0,0,0,0,0,0,0,0,0,0,0,0,0,0,0,0,0,0,0,0,0,0,0,0,0,0,0,0,0,0,0,0,0,0,0,0,0,0,0,0,0,0,0,0,0.071111111,0,0,0,0,0,0,0,0,0,0,0,0,0,0,0,0,0,0,0,0,0,0,0,0,0.04,0,0,0,0,0,0,0,0,0,0,0,0,0.222222222,0,0,0,0,0,0,0,0,0.666666667,0,0,0,0,0,0,0
Croatia,Export Quantity,2009,Fruit Fresh Nes,,,,,,,,,,,,,,,,,,,,,,,,,,,,,,,,,,,,,,,,,,,,,,,,,,,,,,,,,,,,,,,,,,,,,,,,,,,,,,,,,,,,,,,3,,,,,,,,,,,,,,,,,,,,,,,,,,,,,,,16,,,,,,,,,,,,,,,,,,,,,,,,,,,,,,,,,,,,,,,,,,,,,,,,,,,,,,,0,,,,,,,,,,,,19,0,0,0,0,0,0,0,0,0,0,0,0,0,0,0,0,0,0,0,0,0,0,0,0,0,0,0,0,0,0,0,0,0,0,0,0,0,0,0,0,0,0,0,0,0,0,0,0,0,0,0,0,0,0,0,0,0,0,0,0,0,0,0,0,0,0,0,0,0,0,0,0,0,0,0,0,0,0,0,0,0,0,0,0,0,0,0.157894737,0,0,0,0,0,0,0,0,0,0,0,0,0,0,0,0,0,0,0,0,0,0,0,0,0,0,0,0,0,0,0.842105263,0,0,0,0,0,0,0,0,0,0,0,0,0,0,0,0,0,0,0,0,0,0,0,0,0,0,0,0,0,0,0,0,0,0,0,0,0,0,0,0,0,0,0,0,0,0,0,0,0,0,0,0,0,0,0,0,0,0,0,0,0,0,0,0,0
Cyprus,Export Quantity,2009,Fruit Fresh Nes,,,,,,,,,,,,,,,,,,,,,,,,,,,,,,,,,,,,,,,,,,,,,,,,,,,,,,,,,,,,,,,,,,,,,,,0,,,,,,,,,,,,,,,,,,,,,,,,,,,,,,,,,,,,,,,,,,,,,,,,,,,,,,,,,,,,,,,,,,,,,,,,,,,,,,,,,,,,,,,,,,,,,,,,,,,,,,3,,,,,,,,,,,,3,0,0,0,0,0,0,0,0,0,0,0,0,0,0,0,0,0,0,0,0,0,0,0,0,0,0,0,0,0,0,0,0,0,0,0,0,0,0,0,0,0,0,0,0,0,0,0,0,0,0,0,0,0,0,0,0,0,0,0,0,0,0,0,0,0,0,0,0,0,0,0,0,0,0,0,0,0,0,0,0,0,0,0,0,0,0,0,0,0,0,0,0,0,0,0,0,0,0,0,0,0,0,0,0,0,0,0,0,0,0,0,0,0,0,0,0,0,0,0,0,0,0,0,0,0,0,0,0,0,0,0,0,0,0,0,0,0,0,0,0,0,0,0,0,0,0,0,0,0,0,0,0,0,0,0,0,0,0,0,0,0,0,0,0,0,0,0,0,0,0,0,0,1,0,0,0,0,0,0,0,0,0,0
Czech Republic,Export Quantity,2009,Fruit Fresh Nes,,,,,,,,,,0,,,,,,,,,,,,,,,,,,,,,,,,,,,,,,,,,,,,,,,,,,,,,,,,,,,,,,,,,,,22,,,,,,,,,,,,,,,,,,,,,,,,,,,,,,,,,,,,,,,,,,,,,,,,,1,,,,,,,,,,,,,,,3,,,,,36,,,,,,,,,,,,,114,,,,,,,,,,,,,,,,,,,,,,,,,,,,,,,,,,176,0,0,0,0,0,0,0,0,0,0,0,0,0,0,0,0,0,0,0,0,0,0,0,0,0,0,0,0,0,0,0,0,0,0,0,0,0,0,0,0,0,0,0,0,0,0,0,0,0,0,0,0,0,0,0,0,0,0,0,0,0,0,0,0,0,0,0,0,0.125,0,0,0,0,0,0,0,0,0,0,0,0,0,0,0,0,0,0,0,0,0,0,0,0,0,0,0,0,0,0,0,0,0,0,0,0,0,0,0,0,0,0,0,0,0,0,0,0,0.005681818,0,0,0,0,0,0,0,0,0,0,0,0,0,0,0.017045455,0,0,0,0,0.204545455,0,0,0,0,0,0,0,0,0,0,0,0,0.647727273,0,0,0,0,0,0,0,0,0,0,0,0,0,0,0,0,0,0,0,0,0,0,0,0,0,0,0,0,0,0,0,0
Denmark,Export Quantity,2009,Fruit Fresh Nes,,,,,,,,,,,,,,,,,,,,,,,,,,,,,,,,,,,,,,,,,,,,,,,,,,,,,,,,,,,,,30,,,,,,,,1,,,3,,,,,,,,18,,,,,,,,,,,,,,,,,,,,,,,,,,,,,,,,,,,,,,0,,,,,,,,4,,,,,,,,,,,,,,,,,,,,,,,,,,,,19,,,,114,,,,,,,,,,,,,,,1,,,,,,,,,,,,190,0,0,0,0,0,0,0,0,0,0,0,0,0,0,0,0,0,0,0,0,0,0,0,0,0,0,0,0,0,0,0,0,0,0,0,0,0,0,0,0,0,0,0,0,0,0,0,0,0,0,0,0,0,0,0,0,0,0,0,0,0.157894737,0,0,0,0,0,0,0,0.005263158,0,0,0.015789474,0,0,0,0,0,0,0,0.094736842,0,0,0,0,0,0,0,0,0,0,0,0,0,0,0,0,0,0,0,0,0,0,0,0,0,0,0,0,0,0,0,0,0,0,0,0,0,0,0,0,0,0,0,0,0,0.021052632,0,0,0,0,0,0,0,0,0,0,0,0,0,0,0,0,0,0,0,0,0,0,0,0,0,0,0,0.1,0,0,0,0.6,0,0,0,0,0,0,0,0,0,0,0,0,0,0,0.005263158,0,0,0,0,0,0,0,0,0,0
Ecuador,Export Quantity,2009,Fruit Fresh Nes,,,,,,,,0,,,,,,,,,2,,,,,,,,,,,,,,3,,,,,150,,,,901,,,,,,,,,,,,,,,,,,,,,,,,14,,,,,3,,,,,,,,,,,,,,,,,,2,,,,,,,,,,,,,,,,,,,,,,,,,,,,,,,25,0,,,,,,,,,,,,,,,,,,,,,,,,,,,,,,,0,,,,56,,,,0,2,,,,,,,,,,,,,,0,,145,,,,,,,,,,1303,0,0,0,0,0,0,0,0,0,0,0,0,0,0,0,0,0.001534919,0,0,0,0,0,0,0,0,0,0,0,0,0,0.002302379,0,0,0,0,0.115118956,0,0,0,0.691481197,0,0,0,0,0,0,0,0,0,0,0,0,0,0,0,0,0,0,0,0,0,0,0,0.010744436,0,0,0,0,0.002302379,0,0,0,0,0,0,0,0,0,0,0,0,0,0,0,0,0,0.001534919,0,0,0,0,0,0,0,0,0,0,0,0,0,0,0,0,0,0,0,0,0,0,0,0,0,0,0,0,0,0,0.019186493,0,0,0,0,0,0,0,0,0,0,0,0,0,0,0,0,0,0,0,0,0,0,0,0,0,0,0,0,0,0,0,0,0,0,0,0.042977744,0,0,0,0,0.001534919,0,0,0,0,0,0,0,0,0,0,0,0,0,0,0,0.111281658,0,0,0,0,0,0,0,0
Egypt,Export Quantity,2009,Fruit Fresh Nes,,,14,,,,,,,15,,,233,72,,56,26,,,,,,,,,,,,,,18,,,0,,,96,,,,,,,,,162,,36,,,,1,,,,,,,38,,,,,76,,,,,62,1,4,,,,,,,,35,,,,614,,20,,130,,348,140,,1,"3,873.00",,,165,43,,81,812,,2,,24,17,,,3,,0,,20,,,,,,"2,832.00",,,,,,1,,10,587,,,,,,,,156,0,,91,"13,062.00",,,,,,"6,332.00",,,,,10,,56,11,15,,93,,225,10,"7,720.00",,,,,,,0,342,,1,"1,502.00","1,992.00",388,,112,70,,,,,,,,,42856,0,0,0.000326675,0,0,0,0,0,0,0.000350009,0,0,0.005436812,0.001680045,0,0.001306702,0.000606683,0,0,0,0,0,0,0,0,0,0,0,0,0,0.000420011,0,0,0,0,0,0.00224006,0,0,0,0,0,0,0,0,0.003780101,0,0.000840022,0,0,0,2.3334E-05,0,0,0,0,0,0,0.00088669,0,0,0,0,0.001773381,0,0,0,0,0.001446705,2.3334E-05,9.33358E-05,0,0,0,0,0,0,0,0.000816688,0,0,0,0.014327049,0,0.000466679,0,0.003033414,0,0.008120217,0.003266754,0,2.3334E-05,0.09037241,0,0,0.003850103,0.00100336,0,0.00189005,0.018947172,0,4.66679E-05,0,0.000560015,0.000396677,0,0,7.00019E-05,0,0,0,0.000466679,0,0,0,0,0,0.066081762,0,0,0,0,0,2.3334E-05,0,0.00023334,0.013697032,0,0,0,0,0,0,0,0.003640097,0,0,0.00212339,0.304788128,0,0,0,0,0,0.147750607,0,0,0,0,0.00023334,0,0.001306702,0.000256674,0.000350009,0,0.002170058,0,0.00525014,0.00023334,0.180138137,0,0,0,0,0,0,0,0.007980213,0,2.3334E-05,0.035047601,0.046481239,0.009053575,0,0.002613403,0.001633377,0,0,0,0,0,0,0
El Salvador,Export Quantity,2009,Fruit Fresh Nes,,,,,,,,,,,,,,,,,,,,,,,,,,,,,,,,,,,,,,,,,,,,,,,,,,,,,,,,,,,,,,,,,,,,,,,,,,,193,,,,,,,,,,,,,,,,,,,,,,,,,,,,,,,,,,,,,,,,,,,,,,,,,,,,,,,,,,,,,,,,,,,,,,,,,,,,,,,,,,,,,,,,,,,,,,,,,,,,,,,,,,,,,,193,0,0,0,0,0,0,0,0,0,0,0,0,0,0,0,0,0,0,0,0,0,0,0,0,0,0,0,0,0,0,0,0,0,0,0,0,0,0,0,0,0,0,0,0,0,0,0,0,0,0,0,0,0,0,0,0,0,0,0,0,0,0,0,0,0,0,0,0,0,0,0,0,0,0,1,0,0,0,0,0,0,0,0,0,0,0,0,0,0,0,0,0,0,0,0,0,0,0,0,0,0,0,0,0,0,0,0,0,0,0,0,0,0,0,0,0,0,0,0,0,0,0,0,0,0,0,0,0,0,0,0,0,0,0,0,0,0,0,0,0,0,0,0,0,0,0,0,0,0,0,0,0,0,0,0,0,0,0,0,0,0,0,0,0,0,0,0,0,0,0,0,0,0,0,0,0,0,0,0,0,0,0,0
Estonia,Export Quantity,2009,Fruit Fresh Nes,,,,,,,,,,,,,,,,,,,,,,,,,,,,,,,,,,,,,,,,,,,,,,,,,,,,,,,,,,,,,,,55,,,,,,,,,,,,,,,,,,,,,,,,,,,,,,,,,,,,,,,,,,,,,,,,,,,,,,,,,,,,,,,0,,,,,,,,,,,,,,,,,,,,,,,,,,,,,,,,0,,,,,,,,,,,,,,,,,,,,,,,,,,,55,0,0,0,0,0,0,0,0,0,0,0,0,0,0,0,0,0,0,0,0,0,0,0,0,0,0,0,0,0,0,0,0,0,0,0,0,0,0,0,0,0,0,0,0,0,0,0,0,0,0,0,0,0,0,0,0,0,0,0,0,0,0,1,0,0,0,0,0,0,0,0,0,0,0,0,0,0,0,0,0,0,0,0,0,0,0,0,0,0,0,0,0,0,0,0,0,0,0,0,0,0,0,0,0,0,0,0,0,0,0,0,0,0,0,0,0,0,0,0,0,0,0,0,0,0,0,0,0,0,0,0,0,0,0,0,0,0,0,0,0,0,0,0,0,0,0,0,0,0,0,0,0,0,0,0,0,0,0,0,0,0,0,0,0,0,0,0,0,0,0,0,0,0,0,0,0,0,0,0,0,0,0,0
Ethiopia,Export Quantity,2009,Fruit Fresh Nes,,,,,,,,,,,,,,,,,,,,,,,,,,,,,,,,,,,,,,,,,,,,,,,,,,,,,,,,,,,,,,,,,,,,,,,,,,,,,,,,,,,,,,,,,,,,,,,,,,,,,,,,,,,,,,,,,,,,,,,,,,,,,,,,,,,,,,,,,,,,,,,,,,,,,,,,,,,,,,,,,,,,,,,,,,,,,,,,,,,,,10,,,,10,0,0,0,0,0,0,0,0,0,0,0,0,0,0,0,0,0,0,0,0,0,0,0,0,0,0,0,0,0,0,0,0,0,0,0,0,0,0,0,0,0,0,0,0,0,0,0,0,0,0,0,0,0,0,0,0,0,0,0,0,0,0,0,0,0,0,0,0,0,0,0,0,0,0,0,0,0,0,0,0,0,0,0,0,0,0,0,0,0,0,0,0,0,0,0,0,0,0,0,0,0,0,0,0,0,0,0,0,0,0,0,0,0,0,0,0,0,0,0,0,0,0,0,0,0,0,0,0,0,0,0,0,0,0,0,0,0,0,0,0,0,0,0,0,0,0,0,0,0,0,0,0,0,0,0,0,0,0,0,0,0,0,0,0,0,0,0,0,0,0,0,0,0,0,0,0,0,0,0,0,1,0,0
Fiji,Export Quantity,2009,Fruit Fresh Nes,,,,,,,,,2,,,,,,,,,,,,,,,,,,,,,,,,,,,,,,,,,,,,,,,,,,,,,,,,,,,,,,,,,,,,,,,,,,,,,,,,,,,,,,,,,,,,,,,,,,,,,,,,,,,,,,,,,,,,,,,,1,,,,,,,,,,,,,,,,,,,,,,,,,,,,,,,,,,,,,,,,,,,,,,,,,,,,,,,,,,,,,,,,3,0,0,0,0,0,0,0,0,0.666666667,0,0,0,0,0,0,0,0,0,0,0,0,0,0,0,0,0,0,0,0,0,0,0,0,0,0,0,0,0,0,0,0,0,0,0,0,0,0,0,0,0,0,0,0,0,0,0,0,0,0,0,0,0,0,0,0,0,0,0,0,0,0,0,0,0,0,0,0,0,0,0,0,0,0,0,0,0,0,0,0,0,0,0,0,0,0,0,0,0,0,0,0,0,0,0,0,0,0,0,0,0,0,0,0,0,0,0,0,0,0,0,0.333333333,0,0,0,0,0,0,0,0,0,0,0,0,0,0,0,0,0,0,0,0,0,0,0,0,0,0,0,0,0,0,0,0,0,0,0,0,0,0,0,0,0,0,0,0,0,0,0,0,0,0,0,0,0,0,0,0,0,0,0,0,0,0
Finland,Export Quantity,2009,Fruit Fresh Nes,,,,,,,,,,,,,,,,,,,,,,,,,,,,,,,,,,,,,,,,,,,,,,,,,,,,,,,,,,,,,,,,,,,,,,,,,,,,,,,,,,,,,,,,,,,,,,,,0,,,,,,,,,,,,,,,,,,,,,,,,,,,,,,0,,,,,,,,,,,,,,,,,,,,,,,,,,,,,,,,0,,,,,,,,,,,,,,,,,,,,,,,,,,,0.3,0,0,0,0,0,0,0,0,0,0,0,0,0,0,0,0,0,0,0,0,0,0,0,0,0,0,0,0,0,0,0,0,0,0,0,0,0,0,0,0,0,0,0,0,0,0,0,0,0,0,0,0,0,0,0,0,0,0,0,0,0,0,0,0,0,0,0,0,0,0,0,0,0,0,0,0,0,0,0,0,0,0,0,0,0,0,0,0,0,0,0,0,0,0,0,0,0,0,0,0,0,0,0,0,0,0,0,0,0,0,0,0,0,0,0,0,0,0,0,0,0,0,0,0,0,0,0,0,0,0,0,0,0,0,0,0,0,0,0,0,0,0,0,0,0,0,0,0,0,0,0,0,0,0,0,0,0,0,0,0,0,0,0,0,0,0,0,0,0,0,0,0,0,0,0,0,0,0,0,0,0,0,0
France,Export Quantity,2009,Fruit Fresh Nes,,,58,,,,,,,161,,,8,,,,675,5,,,,,,,,,,3,,41,,6,,,,,0,,,,,124,,,63,,,1,16,0,21,10,1,,,,,,,,,,0,3,0,186,,,"1,544.00",8,65,,,,,0,,,0,,,0,,,13,,"1,745.00",,0,,,,,,,,16,17,,0,133,,,,,,,,,,,,2,,,,,"1,267.00",3,1,,,4,0,,126,1,,,,,,32,99,,,,0,,,,,,,1,4,,5,,1,,2,,376,,,,5,"1,283.00",,,0,,4,,,10,,,,,45,181,,0,,,,,,,,,,8375,0,0,0.006925373,0,0,0,0,0,0,0.019223881,0,0,0.000955224,0,0,0,0.080597015,0.000597015,0,0,0,0,0,0,0,0,0,0.000358209,0,0.004895522,0,0.000716418,0,0,0,0,0,0,0,0,0,0.01480597,0,0,0.007522388,0,0,0.000119403,0.001910448,0,0.002507463,0.00119403,0.000119403,0,0,0,0,0,0,0,0,0,0,0.000358209,0,0.022208955,0,0,0.184358209,0.000955224,0.007761194,0,0,0,0,0,0,0,0,0,0,0,0,0,0.001552239,0,0.208358209,0,0,0,0,0,0,0,0,0,0.001910448,0.002029851,0,0,0.015880597,0,0,0,0,0,0,0,0,0,0,0,0.000238806,0,0,0,0,0.151283582,0.000358209,0.000119403,0,0,0.000477612,0,0,0.015044776,0.000119403,0,0,0,0,0,0.003820896,0.011820896,0,0,0,0,0,0,0,0,0,0,0.000119403,0.000477612,0,0.000597015,0,0.000119403,0,0.000238806,0,0.044895522,0,0,0,0.000597015,0.15319403,0,0,0,0,0.000477612,0,0,0.00119403,0,0,0,0,0.005373134,0.02161194,0,0,0,0,0,0,0,0,0,0
Georgia,Export Quantity,2009,Fruit Fresh Nes,,,,,,,33,,,,547,,,,,425,,,,,,,,,,,,,,,,,,,,,,,,,,,,,,,,,,,,,,,,,,,,,,,,,,,,,,,16,,,,,,,,,,,,,,,,,,,,1,,,,,,,,,15,,,,,,,,,,,,,,,,,,,,,,,,,,,,,,,,,,,,,69,,,,,,,,,,,,,,,,,,,,,,,,,,,,,,,,,,"4,194.00",,,,,,,,,,,,,,5300,0,0,0,0,0,0,0.006226415,0,0,0,0.103207547,0,0,0,0,0.080188679,0,0,0,0,0,0,0,0,0,0,0,0,0,0,0,0,0,0,0,0,0,0,0,0,0,0,0,0,0,0,0,0,0,0,0,0,0,0,0,0,0,0,0,0,0,0,0,0,0,0,0,0,0,0,0.003018868,0,0,0,0,0,0,0,0,0,0,0,0,0,0,0,0,0,0,0,0.000188679,0,0,0,0,0,0,0,0,0.002830189,0,0,0,0,0,0,0,0,0,0,0,0,0,0,0,0,0,0,0,0,0,0,0,0,0,0,0,0,0,0,0,0,0,0,0,0,0.013018868,0,0,0,0,0,0,0,0,0,0,0,0,0,0,0,0,0,0,0,0,0,0,0,0,0,0,0,0,0,0,0,0,0,0.791320755,0,0,0,0,0,0,0,0,0,0,0,0
Germany,Export Quantity,2009,Fruit Fresh Nes,,,,,,,,,,915,,,0,,,,52,,,,,,,,,,,,,,0,,,,,,,,,,,,,,,,,,25,,,309,,1,,,,,,,,,49,725,,,,,,,2,,,,,,,,0,,,,,,10,,740,,,,2,,1,,,0,,,,,127,,,0,,,,,,,,,,,,,,"1,094.00",,,,,,1,,7,0,,,,,,130,0,0,,,150,,,,,,,,,,,,,20,0,,37,,,,167,298,,,0,,,,,,,,,,0,71,,2,,,,0,,,,,,4935,0,0,0,0,0,0,0,0,0,0.185410334,0,0,0,0,0,0,0.010536981,0,0,0,0,0,0,0,0,0,0,0,0,0,0,0,0,0,0,0,0,0,0,0,0,0,0,0,0,0,0,0,0.005065856,0,0,0.062613982,0,0.000202634,0,0,0,0,0,0,0,0,0.009929078,0.146909828,0,0,0,0,0,0,0.000405268,0,0,0,0,0,0,0,0,0,0,0,0,0,0.002026342,0,0.149949341,0,0,0,0.000405268,0,0.000202634,0,0,0,0,0,0,0,0.025734549,0,0,0,0,0,0,0,0,0,0,0,0,0,0,0,0,0.221681864,0,0,0,0,0,0.000202634,0,0.00141844,0,0,0,0,0,0,0.026342452,0,0,0,0,0.030395137,0,0,0,0,0,0,0,0,0,0,0,0,0.004052685,0,0,0.007497467,0,0,0,0.033839919,0.060385005,0,0,0,0,0,0,0,0,0,0,0,0,0,0.014387031,0,0.000405268,0,0,0,0,0,0,0,0
Ghana,Export Quantity,2009,Fruit Fresh Nes,,,,,,,,,,,,,,,,,,,,,,,,,,,,,,,,,,,,,,,,,,,,,,,,,,,,,,,,,,,,,,,,,,,,,,,,,,,,,,,,,,,,,,,,,,,,,,,,,,,,,,,,,,,,,,,,,,,,,,,,,,,,,,,,,,,,,,,,,,,,,,,,,,,,,,,,,,,,,,,,,,,,,,,,,,,,,,,0,,,,,,,,,,0.3,0,0,0,0,0,0,0,0,0,0,0,0,0,0,0,0,0,0,0,0,0,0,0,0,0,0,0,0,0,0,0,0,0,0,0,0,0,0,0,0,0,0,0,0,0,0,0,0,0,0,0,0,0,0,0,0,0,0,0,0,0,0,0,0,0,0,0,0,0,0,0,0,0,0,0,0,0,0,0,0,0,0,0,0,0,0,0,0,0,0,0,0,0,0,0,0,0,0,0,0,0,0,0,0,0,0,0,0,0,0,0,0,0,0,0,0,0,0,0,0,0,0,0,0,0,0,0,0,0,0,0,0,0,0,0,0,0,0,0,0,0,0,0,0,0,0,0,0,0,0,0,0,0,0,0,0,0,0,0,0,0,0,0,0,0,0,0,0,0,0,0,0,0,0,0,0,0,0,0,0,0,0,0
Greece,Export Quantity,2009,Fruit Fresh Nes,,476,,,,,,,,,,,,,,10,,,,,,,,,,,119,,,,,,,,,,,,,,,,,,,,,62,1,,,,,,,,,,,,,,,,,,,,9,,,,,,,,,,,,,,,,,,0,,,9,,,,,,,,,,,,,,,,,,,,,,,,,,,,5,,,,,,,,,,,,,,,,,,,10,2,112,,,,,,,,158,,,,,,,,,,,,,,,,"3,572.00",,,,,29,,,40,,,,,,,,,,,,,,4614,0,0.103164283,0,0,0,0,0,0,0,0,0,0,0,0,0,0.002167317,0,0,0,0,0,0,0,0,0,0,0.025791071,0,0,0,0,0,0,0,0,0,0,0,0,0,0,0,0,0,0,0,0,0.013437365,0.000216732,0,0,0,0,0,0,0,0,0,0,0,0,0,0,0,0,0,0,0,0.001950585,0,0,0,0,0,0,0,0,0,0,0,0,0,0,0,0,0,0,0,0,0.001950585,0,0,0,0,0,0,0,0,0,0,0,0,0,0,0,0,0,0,0,0,0,0,0,0,0,0,0,0.001083658,0,0,0,0,0,0,0,0,0,0,0,0,0,0,0,0,0,0,0.002167317,0.000433463,0.024273949,0,0,0,0,0,0,0,0.034243606,0,0,0,0,0,0,0,0,0,0,0,0,0,0,0,0.774165583,0,0,0,0,0.006285219,0,0,0.008669267,0,0,0,0,0,0,0,0,0,0,0,0
Guatemala,Export Quantity,2009,Fruit Fresh Nes,,,,,,,,,,,,,,,,,,,,,,,,,,,,,,,,,,,,,,,,,,,,,,,,,,,,,,,,,,,,,,,,,,,,,,,,,,,,,,,,,,,,,,,,,,,,,,,,,,,,,,,,,,,,,,,,,,,,,,,,,,,,,,,,,,,,,,,,,,,,,,,,,,,,,,,,,,,,,,,,,,,,,,,,,,,,,,,,"2,010.00",,,,,,,,,2010,0,0,0,0,0,0,0,0,0,0,0,0,0,0,0,0,0,0,0,0,0,0,0,0,0,0,0,0,0,0,0,0,0,0,0,0,0,0,0,0,0,0,0,0,0,0,0,0,0,0,0,0,0,0,0,0,0,0,0,0,0,0,0,0,0,0,0,0,0,0,0,0,0,0,0,0,0,0,0,0,0,0,0,0,0,0,0,0,0,0,0,0,0,0,0,0,0,0,0,0,0,0,0,0,0,0,0,0,0,0,0,0,0,0,0,0,0,0,0,0,0,0,0,0,0,0,0,0,0,0,0,0,0,0,0,0,0,0,0,0,0,0,0,0,0,0,0,0,0,0,0,0,0,0,0,0,0,0,0,0,0,0,0,0,0,0,0,0,0,0,0,0,0,0,0,1,0,0,0,0,0,0,0
Honduras,Export Quantity,2009,Fruit Fresh Nes,,,,,,,,,,,,,,,,,,,,,,,,,,,,,,,,,,,,,,,,,,,,5,,,,,,,,,,,,,459,,,,,,,,,,,,,,,,,,1,,,,,,,,,,,,,,,,,,,,,,,,,,,,,,,,,,,,,,,,,,,,,,,6,,,,,,,,,,,,,,,,,,,,,,,,,,,,,,,,,,,,,,,,,,,,,,,,,,,,,145,,,,,,,,,,616,0,0,0,0,0,0,0,0,0,0,0,0,0,0,0,0,0,0,0,0,0,0,0,0,0,0,0,0,0,0,0,0,0,0,0,0,0,0,0,0,0,0,0,0.008116883,0,0,0,0,0,0,0,0,0,0,0,0,0.74512987,0,0,0,0,0,0,0,0,0,0,0,0,0,0,0,0,0,0.001623377,0,0,0,0,0,0,0,0,0,0,0,0,0,0,0,0,0,0,0,0,0,0,0,0,0,0,0,0,0,0,0,0,0,0,0,0,0,0,0,0,0,0,0,0,0,0,0.00974026,0,0,0,0,0,0,0,0,0,0,0,0,0,0,0,0,0,0,0,0,0,0,0,0,0,0,0,0,0,0,0,0,0,0,0,0,0,0,0,0,0,0,0,0,0,0,0,0,0,0,0,0,0.23538961,0,0,0,0,0,0,0,0
Hungary,Export Quantity,2009,Fruit Fresh Nes,,,,,,,,,,"2,211.00",,,,,,,25,,,,,,,,,,,,,,,,,,,,,,,,,,,,,,,,,,,,,,,,,,,,,,,,,,,,"3,011.00",,,,,,,,,,,,,,,,,,,,,,,,,,,,,,,,,,,,,,,,,,,,,,,,,4,,,,,,,,,,,,,,,"1,606.00",,,,,6,,,,,,,,,,,,,6,,,,,,,,,,,,,,,,,,,,32,,17,,,,,,,,,,,,6918,0,0,0,0,0,0,0,0,0,0.319601041,0,0,0,0,0,0,0.003613761,0,0,0,0,0,0,0,0,0,0,0,0,0,0,0,0,0,0,0,0,0,0,0,0,0,0,0,0,0,0,0,0,0,0,0,0,0,0,0,0,0,0,0,0,0,0,0,0,0,0,0,0.435241399,0,0,0,0,0,0,0,0,0,0,0,0,0,0,0,0,0,0,0,0,0,0,0,0,0,0,0,0,0,0,0,0,0,0,0,0,0,0,0,0,0,0,0,0,0,0,0,0,0.000578202,0,0,0,0,0,0,0,0,0,0,0,0,0,0,0.23214802,0,0,0,0,0.000867303,0,0,0,0,0,0,0,0,0,0,0,0,0.000867303,0,0,0,0,0,0,0,0,0,0,0,0,0,0,0,0,0,0,0,0.004625614,0,0.002457358,0,0,0,0,0,0,0,0,0,0
Iceland,Export Quantity,2009,Fruit Fresh Nes,,,,,,,,,,,,,,,,,,,,,,,,,,,,,,,,,,,,,,,,,,,,,,,,,,,,,,,,,,,,,,,0,,,,,,,,,0,,,,,,,,,,,,,,,,,,,,,,,,,,,,,,,,,,,,,,,,,,,,,,,,,,,,,,3,,,,,,,,,,,,,,,,,,,,,,,,,,,,,,,,,,,,,,,,,,,,,,,,,,,,,,,,,,,3,0,0,0,0,0,0,0,0,0,0,0,0,0,0,0,0,0,0,0,0,0,0,0,0,0,0,0,0,0,0,0,0,0,0,0,0,0,0,0,0,0,0,0,0,0,0,0,0,0,0,0,0,0,0,0,0,0,0,0,0,0,0,0,0,0,0,0,0,0,0,0,0,0,0,0,0,0,0,0,0,0,0,0,0,0,0,0,0,0,0,0,0,0,0,0,0,0,0,0,0,0,0,0,0,0,0,0,0,0,0,0,0,0,0,0,0,0,0,0,0,0,0,0,0,0,1,0,0,0,0,0,0,0,0,0,0,0,0,0,0,0,0,0,0,0,0,0,0,0,0,0,0,0,0,0,0,0,0,0,0,0,0,0,0,0,0,0,0,0,0,0,0,0,0,0,0,0,0,0,0,0,0,0
India,Export Quantity,2009,Fruit Fresh Nes,,,,,,,,,156,131,,,"2,079.00","9,575.00",,,88,,,,,4,,,,2,,,,,729,,,,,,,86,,,,0,,,,,,46,,,,4,31,,,591,,,,,,,,73,,,1,,114,0,0,,,,,,,,,,,39,20,62,12,62,30,,2,201,0,43,"1,064.00",,,,3,1,,60,,,,116,131,,,,,,,,5,,,,"6,496.00","2,580.00",0,,29,,,,,38,700,36,,,,,,0,989,,,19,472,,,,,,"2,739.00",,,2,,538,,,82,20,356,,,11,105,334,,280,,,,,,,,1,14,"20,836.00","1,654.00",15,328,2,,,,,132,,,,54369,0,0,0,0,0,0,0,0,0.002869282,0.002409461,0,0,0.038238702,0.176111387,0,0,0.001618569,0,0,0,0,7.35713E-05,0,0,0,3.67857E-05,0,0,0,0,0.013408376,0,0,0,0,0,0,0.001581784,0,0,0,0,0,0,0,0,0,0.00084607,0,0,0,7.35713E-05,0.000570178,0,0,0.010870165,0,0,0,0,0,0,0,0.001342677,0,0,1.83928E-05,0,0.002096783,0,0,0,0,0,0,0,0,0,0,0,0,0.000717321,0.000367857,0.001140356,0.000220714,0.001140356,0.000551785,0,3.67857E-05,0.00369696,0,0.000790892,0.019569976,0,0,0,5.51785E-05,1.83928E-05,0,0.00110357,0,0,0,0.002133569,0.002409461,0,0,0,0,0,0,0,9.19642E-05,0,0,0,0.119479851,0.047453512,0,0,0.000533392,0,0,0,0,0.000698928,0.012874984,0.000662142,0,0,0,0,0,0,0.018190513,0,0,0.000349464,0.008681418,0,0,0,0,0,0.050377973,0,0,3.67857E-05,0,0.009895345,0,0,0.001508212,0.000367857,0.006547849,0,0,0.000202321,0.001931248,0.006143207,0,0.005149994,0,0,0,0,0,0,0,1.83928E-05,0.0002575,0.383233092,0.030421748,0.000275893,0.00603285,3.67857E-05,0,0,0,0,0.002427854,0,0
Indonesia,Export Quantity,2009,Fruit Fresh Nes,,,,,,,,,,,,,5,,,,1,,,,,,,,,1,,,,,,,,,,,536,109,,,,,,,,,,,,,,2,,,,,,,,,,,,22,,,,,4,,,,,,,,,,,,,,,,,,4,,0,,,,14,,,,,,,,,,,"1,350.00",,,,,,,,,,,,,,12,,,,,,,,,6,125,,,,,,,12,94,,,,,,,,,51,,,,,219,,,,0,,,,,0,,,93,,,,,,,,,,379,0,,0,,,,101,,,,,,3140,0,0,0,0,0,0,0,0,0,0,0,0,0.001592357,0,0,0,0.000318471,0,0,0,0,0,0,0,0,0.000318471,0,0,0,0,0,0,0,0,0,0,0.170700637,0.034713376,0,0,0,0,0,0,0,0,0,0,0,0,0,0.000636943,0,0,0,0,0,0,0,0,0,0,0,0.007006369,0,0,0,0,0.001273885,0,0,0,0,0,0,0,0,0,0,0,0,0,0,0,0,0,0.001273885,0,0,0,0,0,0.004458599,0,0,0,0,0,0,0,0,0,0,0.429936306,0,0,0,0,0,0,0,0,0,0,0,0,0,0.003821656,0,0,0,0,0,0,0,0,0.001910828,0.039808917,0,0,0,0,0,0,0.003821656,0.029936306,0,0,0,0,0,0,0,0,0.016242038,0,0,0,0,0.069745223,0,0,0,0,0,0,0,0,0,0,0,0.029617834,0,0,0,0,0,0,0,0,0,0.120700637,0,0,0,0,0,0,0.032165605,0,0,0,0
Ireland,Export Quantity,2009,Fruit Fresh Nes,,,,,,,,,,,,,,,,,,,,,,,,,,,,,,,,,,,,,,,,,,,,,,,,,,,,,,,,,,,,,,,,,,,,,,,,,,,,,,,,,,,,,,,,,,,,,,,,,,,,,,,,,,,,,,,,,,,,,,,,,,,,,,,,,,,,,,,,,,,,,,,,,,,,,,,,,,,,,,,,,,,,,,,,,,,,,14,,,,,,,,,,,,14,0,0,0,0,0,0,0,0,0,0,0,0,0,0,0,0,0,0,0,0,0,0,0,0,0,0,0,0,0,0,0,0,0,0,0,0,0,0,0,0,0,0,0,0,0,0,0,0,0,0,0,0,0,0,0,0,0,0,0,0,0,0,0,0,0,0,0,0,0,0,0,0,0,0,0,0,0,0,0,0,0,0,0,0,0,0,0,0,0,0,0,0,0,0,0,0,0,0,0,0,0,0,0,0,0,0,0,0,0,0,0,0,0,0,0,0,0,0,0,0,0,0,0,0,0,0,0,0,0,0,0,0,0,0,0,0,0,0,0,0,0,0,0,0,0,0,0,0,0,0,0,0,0,0,0,0,0,0,0,0,0,0,0,0,0,0,0,0,0,0,0,0,1,0,0,0,0,0,0,0,0,0,0
Israel,Export Quantity,2009,Fruit Fresh Nes,,,,,,,,,7,181,,,,,,,640,,,,,,,,,,,,,,67,,,,,,,85,,,,,,,,,,364,,,43,82,,,,,,,,,,,35,"1,059.00",,,,,855,,362,,,,,,,,,,,,,,,,"2,614.00",,52,179,1,3,,,,17,,,,,,,,68,,,,7,,,,,,,,,,"3,833.00",,,,,,,,11,,,,,,,,263,,,,,"5,097.00",,,,,,,,,,,793,,87,95,190,,,,260,357,,,10,,,,,,,,,14,,"1,190.00",,"1,164.00",2,,,,,,,,,20087,0,0,0,0,0,0,0,0,0.000348484,0.009010803,0,0,0,0,0,0,0.031861403,0,0,0,0,0,0,0,0,0,0,0,0,0,0.003335491,0,0,0,0,0,0,0.004231593,0,0,0,0,0,0,0,0,0,0.018121173,0,0,0.002140688,0.004082242,0,0,0,0,0,0,0,0,0,0,0.00174242,0.052720665,0,0,0,0,0.042564843,0,0.018021606,0,0,0,0,0,0,0,0,0,0,0,0,0,0,0,0.130133917,0,0.002588739,0.008911236,4.97834E-05,0.00014935,0,0,0,0.000846319,0,0,0,0,0,0,0,0.003385274,0,0,0,0.000348484,0,0,0,0,0,0,0,0,0,0.190819933,0,0,0,0,0,0,0,0.000547618,0,0,0,0,0,0,0,0.013093045,0,0,0,0,0.253746204,0,0,0,0,0,0,0,0,0,0,0.03947827,0,0.004331159,0.004729427,0.009458854,0,0,0,0.012943695,0.017772689,0,0,0.000497834,0,0,0,0,0,0,0,0,0.000696968,0,0.059242296,0,0.057947927,9.95669E-05,0,0,0,0,0,0,0
Italy,Export Quantity,2009,Fruit Fresh Nes,,44,,,,,,,0,661,,,,,,,888,,,,,159,,20,,,,,,,,,,,,,,1,,,,,,17,,223,,0,30,,,42,,,20,18,,,,,,,0,"3,742.00",,,,,"1,703.00",,187,,,,,,,,68,,24,,,,0,,,,2,,,,,,,55,,,,39,1,,,,,,8,,,,,,,,,,,"1,167.00",,,,,,28,,,,,,,,,2,2,,,73,31,105,,,,,,,,"1,353.00",,,,4,"1,068.00",,286,,,,15,"2,220.00",,,0,,,,,,,,,120,,694,,617,,,,,,,,,,15737,0,0.002795959,0,0,0,0,0,0,0,0.042002923,0,0,0,0,0,0,0.056427527,0,0,0,0,0.010103578,0,0.00127089,0,0,0,0,0,0,0,0,0,0,0,0,0,6.35445E-05,0,0,0,0,0,0.001080257,0,0.014170426,0,0,0.001906335,0,0,0.00266887,0,0,0.00127089,0.001143801,0,0,0,0,0,0,0,0.237783567,0,0,0,0,0.108216306,0,0.011882824,0,0,0,0,0,0,0,0.004321027,0,0.001525068,0,0,0,0,0,0,0,0.000127089,0,0,0,0,0,0,0.003494948,0,0,0,0.002478236,6.35445E-05,0,0,0,0,0,0.000508356,0,0,0,0,0,0,0,0,0,0,0.074156447,0,0,0,0,0,0.001779246,0,0,0,0,0,0,0,0,0.000127089,0.000127089,0,0,0.004638749,0.00196988,0.006672174,0,0,0,0,0,0,0,0.085975726,0,0,0,0.000254178,0.06786554,0,0.018173731,0,0,0,0.000953168,0.141068819,0,0,0,0,0,0,0,0,0,0,0,0.007625342,0,0.044099892,0,0.039206964,0,0,0,0,0,0,0,0
Jamaica,Export Quantity,2009,Fruit Fresh Nes,,,,,,,,,,,,,,,,,,,0,,,,,,,,,,,,86,,2,,,,17,0,,,,,,,,,,,,,,,,,,,,,,,,,,,,,,,,,,,,,,,,,,,,,,,,,,,,,,,,,,,,,,,,,,,,,,,,,,,,,,,,,0,,,,,,,,,,,,,,,,,,,,,,,,,,,,,,,,,,,,,,,,,,,,,,,,,,,,,,225,,377,,,,,,,,,,707,0,0,0,0,0,0,0,0,0,0,0,0,0,0,0,0,0,0,0,0,0,0,0,0,0,0,0,0,0,0,0.121640736,0,0.002828854,0,0,0,0.024045262,0,0,0,0,0,0,0,0,0,0,0,0,0,0,0,0,0,0,0,0,0,0,0,0,0,0,0,0,0,0,0,0,0,0,0,0,0,0,0,0,0,0,0,0,0,0,0,0,0,0,0,0,0,0,0,0,0,0,0,0,0,0,0,0,0,0,0,0,0,0,0,0,0,0,0,0,0,0,0,0,0,0,0,0,0,0,0,0,0,0,0,0,0,0,0,0,0,0,0,0,0,0,0,0,0,0,0,0,0,0,0,0,0,0,0,0,0,0,0,0,0,0,0,0,0,0,0,0,0,0,0,0,0,0,0,0.31824611,0,0.533239038,0,0,0,0,0,0,0,0
Japan,Export Quantity,2009,Fruit Fresh Nes,,,,,,,,,,,,,,,,,,,,,,,,,,,,,,,,,,,,,28,19,,,,,,,,,,,,,,,,,,,,,,,,,,,,,,,,,,,,,,,,,,,,,,,,,,,,,,,,,,,,,,,,,,,,,,,,,,,,,,,,,,,,,,,,,2,,,,,,,,,,,,,,,,,,,,,,,1,,,,,,,,,,,,,,,,,,,,,,,,,,,,,,,,,,,50,0,0,0,0,0,0,0,0,0,0,0,0,0,0,0,0,0,0,0,0,0,0,0,0,0,0,0,0,0,0,0,0,0,0,0,0,0.56,0.38,0,0,0,0,0,0,0,0,0,0,0,0,0,0,0,0,0,0,0,0,0,0,0,0,0,0,0,0,0,0,0,0,0,0,0,0,0,0,0,0,0,0,0,0,0,0,0,0,0,0,0,0,0,0,0,0,0,0,0,0,0,0,0,0,0,0,0,0,0,0,0,0,0,0,0,0,0,0,0,0,0,0,0,0,0,0,0,0,0.04,0,0,0,0,0,0,0,0,0,0,0,0,0,0,0,0,0,0,0,0,0,0,0.02,0,0,0,0,0,0,0,0,0,0,0,0,0,0,0,0,0,0,0,0,0,0,0,0,0,0,0,0,0,0,0,0,0
Jordan,Export Quantity,2009,Fruit Fresh Nes,,,,,,,,,,,,,11,,,,,,,,,,,,,,,,,,,,,,,,,,,,,,,,,,,,,,,,,,,,,,,,,,,1,,,,,,,,,,,,,,,,,,,,18,,,,,,,,,29,,,,,,,,,,,,16,,,,,,,,,,,,,,,,,,,,,,7,,,,,,,,12,,12,,,,,,,,4,,,,,,,,,,,3,,,,,,,,,,,,,,,,,3,,,,,,,,,,,,116,0,0,0,0,0,0,0,0,0,0,0,0,0.094827586,0,0,0,0,0,0,0,0,0,0,0,0,0,0,0,0,0,0,0,0,0,0,0,0,0,0,0,0,0,0,0,0,0,0,0,0,0,0,0,0,0,0,0,0,0,0,0,0,0,0,0.00862069,0,0,0,0,0,0,0,0,0,0,0,0,0,0,0,0,0,0,0,0.155172414,0,0,0,0,0,0,0,0,0.25,0,0,0,0,0,0,0,0,0,0,0,0.137931034,0,0,0,0,0,0,0,0,0,0,0,0,0,0,0,0,0,0,0,0,0,0.060344828,0,0,0,0,0,0,0,0.103448276,0,0.103448276,0,0,0,0,0,0,0,0.034482759,0,0,0,0,0,0,0,0,0,0,0.025862069,0,0,0,0,0,0,0,0,0,0,0,0,0,0,0,0,0.025862069,0,0,0,0,0,0,0,0,0,0
Kazakhstan,Export Quantity,2009,Fruit Fresh Nes,,,,,,,,,,,,,,,,,,,,,,,,,,,,,,,,,,,,,,,,,,,,,,,,,,,,,,,,,,,,,,,,,,,,,,,,,,,,,,,,,,,,,,,,,,,,,,,,,,,,,,,,,,,,,,,,,,,,,,,,,,,,,,,,,,,,,,,,,,,137,,,,,,,,,,,,,,,,,,,,,,,,,,,,,,,,,,,,,,,,,,,,,,137,0,0,0,0,0,0,0,0,0,0,0,0,0,0,0,0,0,0,0,0,0,0,0,0,0,0,0,0,0,0,0,0,0,0,0,0,0,0,0,0,0,0,0,0,0,0,0,0,0,0,0,0,0,0,0,0,0,0,0,0,0,0,0,0,0,0,0,0,0,0,0,0,0,0,0,0,0,0,0,0,0,0,0,0,0,0,0,0,0,0,0,0,0,0,0,0,0,0,0,0,0,0,0,0,0,0,0,0,0,0,0,0,0,0,0,0,0,0,0,0,0,0,0,0,0,0,0,0,0,0,0,0,0,0,0,0,0,0,1,0,0,0,0,0,0,0,0,0,0,0,0,0,0,0,0,0,0,0,0,0,0,0,0,0,0,0,0,0,0,0,0,0,0,0,0,0,0,0,0,0,0,0,0
Kenya,Export Quantity,2009,Fruit Fresh Nes,,,,,,,,,,,,,2,,,,,,,,,,,,,,,,,,1,,,,,,,,,,1,,,,,,,,,,3,,,,,5,,,,,,,,52,,,,,0,,,,,,,,,,,,,,,,,,1,,,,,,1,,,,,,,,,,,,,,,,,,,,,,,,,98,,,,,,,,0,,,,,,,,,,,,,,60,,,,,3,,,,,,,,,,,3,,1,14,,,,,,,,,,,243,,67,45,,,,,,,,28,,,,628,0,0,0,0,0,0,0,0,0,0,0,0,0.003184713,0,0,0,0,0,0,0,0,0,0,0,0,0,0,0,0,0,0.001592357,0,0,0,0,0,0,0,0,0,0.001592357,0,0,0,0,0,0,0,0,0,0.00477707,0,0,0,0,0.007961783,0,0,0,0,0,0,0,0.082802548,0,0,0,0,0,0,0,0,0,0,0,0,0,0,0,0,0,0,0,0,0,0,0.001592357,0,0,0,0,0,0.001592357,0,0,0,0,0,0,0,0,0,0,0,0,0,0,0,0,0,0,0,0,0,0,0,0,0.156050955,0,0,0,0,0,0,0,0,0,0,0,0,0,0,0,0,0,0,0,0,0,0.095541401,0,0,0,0,0.00477707,0,0,0,0,0,0,0,0,0,0,0.00477707,0,0.001592357,0.022292994,0,0,0,0,0,0,0,0,0,0,0.386942675,0,0.106687898,0.071656051,0,0,0,0,0,0,0,0.044585987,0,0
Latvia,Export Quantity,2009,Fruit Fresh Nes,,,,,,,,,,,,,,,,67,,,,,,,,,,,,,,,,,,,,,,0,,,,,,,,,,,,,,,,,,,,,239,,,,,,,,,,,,,,,,,,,,,,,,,,,,,,,,3,,,,,,,,,45,,,,,,,,,,,,,,,,,,,,,,,,,,,,,,,,,,,,,,,140,,,,,,,,,,,,,,,,,,,,,,,,,,,,,,,,,,,,,,,,,,,,,,494,0,0,0,0,0,0,0,0,0,0,0,0,0,0,0,0.13562753,0,0,0,0,0,0,0,0,0,0,0,0,0,0,0,0,0,0,0,0,0,0,0,0,0,0,0,0,0,0,0,0,0,0,0,0,0,0,0,0,0,0,0.483805668,0,0,0,0,0,0,0,0,0,0,0,0,0,0,0,0,0,0,0,0,0,0,0,0,0,0,0,0,0,0,0,0.006072874,0,0,0,0,0,0,0,0,0.091093117,0,0,0,0,0,0,0,0,0,0,0,0,0,0,0,0,0,0,0,0,0,0,0,0,0,0,0,0,0,0,0,0,0,0,0,0,0,0,0.28340081,0,0,0,0,0,0,0,0,0,0,0,0,0,0,0,0,0,0,0,0,0,0,0,0,0,0,0,0,0,0,0,0,0,0,0,0,0,0,0,0,0,0,0,0
Lebanon,Export Quantity,2009,Fruit Fresh Nes,,,,,,,,,,,,,219,,,,0,,,,,,,,,,,0,,,6,,,,,,,,,,,,,,14,,,,,,1,,,,,1,,,,,,,,5,,0,,,2,0,,,,,,,,,,,,,,33,,,,,,491,,,"1,022.00",,,,,,,,,,,,,,,,,,,,,,,,,,,,,,,0,,,61,,,,,,,,399,,,,,,,,,,"1,559.00",0,,,0,,,,,,,,,1,2,"1,346.00",,,,,,,,,,,,819,8,,,,,,,,,,,,5989,0,0,0,0,0,0,0,0,0,0,0,0,0.03656704,0,0,0,0,0,0,0,0,0,0,0,0,0,0,0,0,0,0.001001837,0,0,0,0,0,0,0,0,0,0,0,0,0,0.002337619,0,0,0,0,0,0.000166973,0,0,0,0,0.000166973,0,0,0,0,0,0,0,0.000834864,0,0,0,0,0.000333946,0,0,0,0,0,0,0,0,0,0,0,0,0,0,0.005510102,0,0,0,0,0,0.081983637,0,0,0.170646185,0,0,0,0,0,0,0,0,0,0,0,0,0,0,0,0,0,0,0,0,0,0,0,0,0,0,0,0,0,0,0,0,0,0.01018534,0,0,0,0,0,0,0,0.066622141,0,0,0,0,0,0,0,0,0,0.260310569,0,0,0,0,0,0,0,0,0,0,0,0,0.000166973,0.000333946,0.224745367,0,0,0,0,0,0,0,0,0,0,0,0.13675071,0.001335782,0,0,0,0,0,0,0,0,0,0
Lithuania,Export Quantity,2009,Fruit Fresh Nes,,,,,,,,,,,,,,,,397,,,,,,,,,,,,,,,,,,,,,,,,,,,,,,,,,,,,,,,,,,,116,,,,,,,,,,109,,,,,,,,,,,,,,,,,,,,,,1,,,,,252,,,,,,,,,,,,,,,,,,,,,,1,,,,,,,,,,,,,,,,,,,,,"2,906.00",,,,,,,,,,,,,,,5,,,,,,,,,,,,,,,,,,,,,,,,,,,,,,,3787,0,0,0,0,0,0,0,0,0,0,0,0,0,0,0,0.104832321,0,0,0,0,0,0,0,0,0,0,0,0,0,0,0,0,0,0,0,0,0,0,0,0,0,0,0,0,0,0,0,0,0,0,0,0,0,0,0,0,0,0,0.030631106,0,0,0,0,0,0,0,0,0,0.028782678,0,0,0,0,0,0,0,0,0,0,0,0,0,0,0,0,0,0,0,0,0,0.000264061,0,0,0,0,0.066543438,0,0,0,0,0,0,0,0,0,0,0,0,0,0,0,0,0,0,0,0,0,0.000264061,0,0,0,0,0,0,0,0,0,0,0,0,0,0,0,0,0,0,0,0,0.767362028,0,0,0,0,0,0,0,0,0,0,0,0,0,0,0.001320306,0,0,0,0,0,0,0,0,0,0,0,0,0,0,0,0,0,0,0,0,0,0,0,0,0,0,0,0,0
Luxembourg,Export Quantity,2009,Fruit Fresh Nes,,,,,,,,,,,0,,,,,,3,,,,,,,,,,,,,,,,,,,,,,,,,,,,,,,,,,,,,,,,,,,,,,,10,,,,,84,,,,,,,,,,,,,,,,,,,,,,,,,,,,,,,,,,,,,,,,,,,,,,,,,,,,,,,0,,,,,,,,,,,,,,,,,,,,,,,,,,,,,,,,,,,,,,,,,,,,,,,,,,,,,,,,,,,,,97,0,0,0,0,0,0,0,0,0,0,0,0,0,0,0,0,0.030927835,0,0,0,0,0,0,0,0,0,0,0,0,0,0,0,0,0,0,0,0,0,0,0,0,0,0,0,0,0,0,0,0,0,0,0,0,0,0,0,0,0,0,0,0,0,0,0.103092784,0,0,0,0,0.865979381,0,0,0,0,0,0,0,0,0,0,0,0,0,0,0,0,0,0,0,0,0,0,0,0,0,0,0,0,0,0,0,0,0,0,0,0,0,0,0,0,0,0,0,0,0,0,0,0,0,0,0,0,0,0,0,0,0,0,0,0,0,0,0,0,0,0,0,0,0,0,0,0,0,0,0,0,0,0,0,0,0,0,0,0,0,0,0,0,0,0,0,0,0,0,0,0,0,0,0,0,0,0,0,0,0,0,0,0,0,0,0,0,0,0
Madagascar,Export Quantity,2009,Fruit Fresh Nes,,,,0,,,,,,,,,,,,,0,,,,,,,,,,,,,,,,,,,,,,,,,,,,,,,,,,,,,,,,,,,,,,,35,,,,,,,,,,,,,,,,,,,,,,,,,,,,,,,,,,,,,,,,,,,,,30,,,,,,,,,,,,,,,,,,,,,,,,,,,,,,,,,,,,,,,,,,,,,,,,,,,,,,,,,,,,,,,,,,,,,,,,,,,,65,0,0,0,0,0,0,0,0,0,0,0,0,0,0,0,0,0,0,0,0,0,0,0,0,0,0,0,0,0,0,0,0,0,0,0,0,0,0,0,0,0,0,0,0,0,0,0,0,0,0,0,0,0,0,0,0,0,0,0,0,0,0,0,0.538461538,0,0,0,0,0,0,0,0,0,0,0,0,0,0,0,0,0,0,0,0,0,0,0,0,0,0,0,0,0,0,0,0,0,0,0,0,0,0,0,0,0,0,0,0,0.461538462,0,0,0,0,0,0,0,0,0,0,0,0,0,0,0,0,0,0,0,0,0,0,0,0,0,0,0,0,0,0,0,0,0,0,0,0,0,0,0,0,0,0,0,0,0,0,0,0,0,0,0,0,0,0,0,0,0,0,0,0,0,0,0,0,0,0,0,0,0,0,0,0,0,0
Malawi,Export Quantity,2009,Fruit Fresh Nes,,,,,,,,,,,,,,,,,,,,,,,,,,,,,,,,,,,,,,,,,,,,,,,,,,,,,,,,,,,,,,,,,,,,,,,,,,,,,,,,,,,,,,,,,,,,,,,,,,,,,,,,,,,,,,,,,,,,,,,,,,,,,,,,,,,,,,,,,,,,,,,,,,,,,,,,,,,,,,,,,,,,,,,,,,,,,,,,,,,,,,,4,,4,0,0,0,0,0,0,0,0,0,0,0,0,0,0,0,0,0,0,0,0,0,0,0,0,0,0,0,0,0,0,0,0,0,0,0,0,0,0,0,0,0,0,0,0,0,0,0,0,0,0,0,0,0,0,0,0,0,0,0,0,0,0,0,0,0,0,0,0,0,0,0,0,0,0,0,0,0,0,0,0,0,0,0,0,0,0,0,0,0,0,0,0,0,0,0,0,0,0,0,0,0,0,0,0,0,0,0,0,0,0,0,0,0,0,0,0,0,0,0,0,0,0,0,0,0,0,0,0,0,0,0,0,0,0,0,0,0,0,0,0,0,0,0,0,0,0,0,0,0,0,0,0,0,0,0,0,0,0,0,0,0,0,0,0,0,0,0,0,0,0,0,0,0,0,0,0,0,0,0,0,0,0,1
Malaysia,Export Quantity,2009,Fruit Fresh Nes,,,,,,,,,1,,,,0,,,,,,,,,,,,,84,,,,,58,,,,,,112,744,,,,,,,,,,,,,,5,,,,2,,,,,,,,219,,,,,166,,,,,,,,,,,,0,822,0,,,,7,,,,,,,,,,,,,,,,,,98,,,,,,,,,,,,,"2,194.00",,,3,,,,,,0,,,,,1,,,,,,,,,,,,,11,,,,,"17,769.00",,,0,15,0,,,,136,,,668,,,,,0,,,,,45,84,,2,,,,,,,,,,23246,0,0,0,0,0,0,0,0,4.30182E-05,0,0,0,0,0,0,0,0,0,0,0,0,0,0,0,0,0.003613525,0,0,0,0,0.002495053,0,0,0,0,0,0.004818033,0.032005506,0,0,0,0,0,0,0,0,0,0,0,0,0,0.000215091,0,0,0,8.60363E-05,0,0,0,0,0,0,0,0.009420976,0,0,0,0,0.007141014,0,0,0,0,0,0,0,0,0,0,0,0,0.035360922,0,0,0,0,0.000301127,0,0,0,0,0,0,0,0,0,0,0,0,0,0,0,0,0,0.004215779,0,0,0,0,0,0,0,0,0,0,0,0,0.094381829,0,0,0.000129054,0,0,0,0,0,0,0,0,0,0,4.30182E-05,0,0,0,0,0,0,0,0,0,0,0,0,0.0004732,0,0,0,0,0.764389572,0,0,0,0.000645272,0,0,0,0,0.005850469,0,0,0.028736127,0,0,0,0,0,0,0,0,0,0.001935817,0.003613525,0,8.60363E-05,0,0,0,0,0,0,0,0
Mauritius,Export Quantity,2009,Fruit Fresh Nes,,,,,,,,,,,,,,,,,11,,,,,,,,,,,,,,4,,,,,,,,,,,,,,,,,,,,,,,,,,,,,,,,,119,,,,,,,,,,,,,,,,,,,,,,,35,,,,,,,,,,,,,,,,,,,,,,,,,,,,,,,4,,,,,,,,,,,,,,,,,,,,,,,,,,,,,,,,,,,,,,,,,13,,,,,,,,,,,,,4,106,,,,,,,,,,,,296,0,0,0,0,0,0,0,0,0,0,0,0,0,0,0,0,0.037162162,0,0,0,0,0,0,0,0,0,0,0,0,0,0.013513514,0,0,0,0,0,0,0,0,0,0,0,0,0,0,0,0,0,0,0,0,0,0,0,0,0,0,0,0,0,0,0,0,0.402027027,0,0,0,0,0,0,0,0,0,0,0,0,0,0,0,0,0,0,0,0,0,0,0.118243243,0,0,0,0,0,0,0,0,0,0,0,0,0,0,0,0,0,0,0,0,0,0,0,0,0,0,0,0,0,0,0.013513514,0,0,0,0,0,0,0,0,0,0,0,0,0,0,0,0,0,0,0,0,0,0,0,0,0,0,0,0,0,0,0,0,0,0,0,0,0,0,0,0,0.043918919,0,0,0,0,0,0,0,0,0,0,0,0,0.013513514,0.358108108,0,0,0,0,0,0,0,0,0,0
Mexico,Export Quantity,2009,Fruit Fresh Nes,,,,,,,,,,,,,,,,,,,,,,,,,,,,,,,164,,,,,0,,,,,,,,,,,,,,,,2,,,,,,,,,,,,28,,,,,0,,,,,,35,,,,,,,,,,,,2,,39,,,,,,,,,,,,,,,,,,,,,,,,,,,,,48,,,,,,,,,,,,,,,,,,,,,,,,,,,,,,,,,,,,1,,,,,,,,,,,,,,,,,,,1,,"18,073.00",,,,,,,,,,18393,0,0,0,0,0,0,0,0,0,0,0,0,0,0,0,0,0,0,0,0,0,0,0,0,0,0,0,0,0,0,0.008916436,0,0,0,0,0,0,0,0,0,0,0,0,0,0,0,0,0,0,0,0,0.000108737,0,0,0,0,0,0,0,0,0,0,0,0.001522318,0,0,0,0,0,0,0,0,0,0,0.001902898,0,0,0,0,0,0,0,0,0,0,0,0.000108737,0,0.002120372,0,0,0,0,0,0,0,0,0,0,0,0,0,0,0,0,0,0,0,0,0,0,0,0,0,0,0,0,0.002609688,0,0,0,0,0,0,0,0,0,0,0,0,0,0,0,0,0,0,0,0,0,0,0,0,0,0,0,0,0,0,0,0,0,0,0,5.43685E-05,0,0,0,0,0,0,0,0,0,0,0,0,0,0,0,0,0,0,5.43685E-05,0,0.982602077,0,0,0,0,0,0,0,0
Montenegro,Export Quantity,2009,Fruit Fresh Nes,,,,,,,,,,,,,,,,,,,,,,40,,,,,,,,,,,,,,,,,,,,,,,,11,,,,,,,,,,,,,,,,,,,,,,,,,,,,,,,,,,,,,,,,,,,,,,,,,,,,,,,,,,,,,,,,,,,,,,,,,,,,,,,,,,,,,,,,,,,,,,,,,,,,,2,,,,,,,,,,,,,,,,,,,,,,,,,,,,,0,,,,,,,,,53,0,0,0,0,0,0,0,0,0,0,0,0,0,0,0,0,0,0,0,0,0,0.754716981,0,0,0,0,0,0,0,0,0,0,0,0,0,0,0,0,0,0,0,0,0,0,0,0.20754717,0,0,0,0,0,0,0,0,0,0,0,0,0,0,0,0,0,0,0,0,0,0,0,0,0,0,0,0,0,0,0,0,0,0,0,0,0,0,0,0,0,0,0,0,0,0,0,0,0,0,0,0,0,0,0,0,0,0,0,0,0,0,0,0,0,0,0,0,0,0,0,0,0,0,0,0,0,0,0,0,0,0,0,0,0,0,0,0,0,0,0,0,0,0,0,0,0,0,0,0,0.037735849,0,0,0,0,0,0,0,0,0,0,0,0,0,0,0,0,0,0,0,0,0,0,0,0,0,0,0,0,0,0,0,0,0,0,0,0
Morocco,Export Quantity,2009,Fruit Fresh Nes,,,,,,,,,,,,,,,,,,,,,,,,,,,,,,,51,,,,,,,,,,,,,,,,,,,,,,,,,,,,,,,,,827,,,,,,,,,,,,,,,,,,,,,,,,,,,,,,,,,,,,,,,,,,,,,,,,,,,,,,338,,,,,,,,,,,,,,,,8,1,,,,75,,,,,,,,,,,,,,,,,,,,,,,,,,,,,,,,,2,0,,,84,,,,,,,,,1386,0,0,0,0,0,0,0,0,0,0,0,0,0,0,0,0,0,0,0,0,0,0,0,0,0,0,0,0,0,0,0.036796537,0,0,0,0,0,0,0,0,0,0,0,0,0,0,0,0,0,0,0,0,0,0,0,0,0,0,0,0,0,0,0,0,0.596681097,0,0,0,0,0,0,0,0,0,0,0,0,0,0,0,0,0,0,0,0,0,0,0,0,0,0,0,0,0,0,0,0,0,0,0,0,0,0,0,0,0,0,0,0,0,0,0,0,0,0,0,0,0,0.243867244,0,0,0,0,0,0,0,0,0,0,0,0,0,0,0,0.005772006,0.000721501,0,0,0,0.054112554,0,0,0,0,0,0,0,0,0,0,0,0,0,0,0,0,0,0,0,0,0,0,0,0,0,0,0,0,0,0,0,0,0.001443001,0,0,0,0.060606061,0,0,0,0,0,0,0
Nepal,Export Quantity,2009,Fruit Fresh Nes,,,,,,,,,,,,,,,,,,,,,,,,,,,,,,,,,,,,,,,,,,,,,,,,,,,,,,,,,,,,,,,,,,,,,,,,,,,,,,,,,0,,,,,,,,,,,,,,,,,,,,,,,,,,,,,,,,,,,,,,,,,,,,,,,,,,,,,,,,,,,,,,,,,,,,,,,,,,,,,,,,,,,,,,,,,,,,,,,,,,,,,,,,0.3,0,0,0,0,0,0,0,0,0,0,0,0,0,0,0,0,0,0,0,0,0,0,0,0,0,0,0,0,0,0,0,0,0,0,0,0,0,0,0,0,0,0,0,0,0,0,0,0,0,0,0,0,0,0,0,0,0,0,0,0,0,0,0,0,0,0,0,0,0,0,0,0,0,0,0,0,0,0,0,0,0,0,0,0,0,0,0,0,0,0,0,0,0,0,0,0,0,0,0,0,0,0,0,0,0,0,0,0,0,0,0,0,0,0,0,0,0,0,0,0,0,0,0,0,0,0,0,0,0,0,0,0,0,0,0,0,0,0,0,0,0,0,0,0,0,0,0,0,0,0,0,0,0,0,0,0,0,0,0,0,0,0,0,0,0,0,0,0,0,0,0,0,0,0,0,0,0,0,0,0,0,0,0
Netherlands,Export Quantity,2009,Fruit Fresh Nes,,,,,,,,,,629,0,,0,,,95,"3,962.00",,1,,,,,,,,7,,,,44,,,,,,,2,,,,,,,,6,,67,571,,,"1,259.00",,,,0,,0,96,,,,716,"4,804.00",,,0,0,"16,935.00",0,110,,,,,,,,78,11,,0,,,75,0,631,,1,3,2,2,18,,,245,,0,,329,35,,,1,,,11,,,,,,0,,,,,,22,,,,,0,,655,,,,,,,641,166,0,,38,318,"1,558.00",,,,,0,1,,7,,0,2,175,20,37,448,,,,"2,673.00",525,,,0,0,,,,,10,,,385,3,"2,923.00",0,,19,,,,,,,,,41372,0,0,0,0,0,0,0,0,0,0.015203519,0,0,0,0,0,0.002296239,0.095765252,0,2.41709E-05,0,0,0,0,0,0,0,0.000169197,0,0,0,0.001063521,0,0,0,0,0,0,4.83419E-05,0,0,0,0,0,0,0,0.000145026,0,0.001619453,0.013801605,0,0,0.03043121,0,0,0,0,0,0,0.00232041,0,0,0,0.017306391,0.116117181,0,0,0,0,0.409334816,0,0.002658803,0,0,0,0,0,0,0,0.001885333,0.00026588,0,0,0,0,0.00181282,0,0.015251861,0,2.41709E-05,7.25128E-05,4.83419E-05,4.83419E-05,0.000435077,0,0,0.00592188,0,0,0,0.007952238,0.000845983,0,0,2.41709E-05,0,0,0.00026588,0,0,0,0,0,0,0,0,0,0,0,0.000531761,0,0,0,0,0,0,0.015831964,0,0,0,0,0,0,0.015493571,0.004012376,0,0,0.000918496,0.007686358,0.03765832,0,0,0,0,0,2.41709E-05,0,0.000169197,0,0,4.83419E-05,0.004229914,0.000483419,0.000894325,0.01082858,0,0,0,0.064608914,0.012689742,0,0,0,0,0,0,0,0,0.000241709,0,0,0.009305811,7.25128E-05,0.070651648,0,0,0.000459248,0,0,0,0,0,0,0
New Caledonia,Export Quantity,2009,Fruit Fresh Nes,,,,,,,,,,,,,,,,,,,,,,,,,,,,,,,,,,,,,,,,,,,,,,,,,,,,,,,,,,,,,,,,,1,,,,,,,,,,,,,,,,,,,,,,,,,,,,,,,,,,,,,,,,,,,,,,,,,,,,,,,,1,,,,,,,,,,,,,,,,,,,,,,,,,,,,,,,,,,,,,,,,,,,,,,,,,,,,,,,2,,,,0,,,,,4,0,0,0,0,0,0,0,0,0,0,0,0,0,0,0,0,0,0,0,0,0,0,0,0,0,0,0,0,0,0,0,0,0,0,0,0,0,0,0,0,0,0,0,0,0,0,0,0,0,0,0,0,0,0,0,0,0,0,0,0,0,0,0,0,0.25,0,0,0,0,0,0,0,0,0,0,0,0,0,0,0,0,0,0,0,0,0,0,0,0,0,0,0,0,0,0,0,0,0,0,0,0,0,0,0,0,0,0,0,0,0,0,0,0,0,0,0,0,0,0,0,0.25,0,0,0,0,0,0,0,0,0,0,0,0,0,0,0,0,0,0,0,0,0,0,0,0,0,0,0,0,0,0,0,0,0,0,0,0,0,0,0,0,0,0,0,0,0,0,0,0,0,0,0,0,0,0,0.5,0,0,0,0,0,0,0
New Zealand,Export Quantity,2009,Fruit Fresh Nes,,,,,,,,,,,,,,,,,51,,,,,,,,,,,,,,182,,,,,,15,73,,,,,0,,,,,,,,,,,,,,,,,,,,,3,,,,,1,,,,,6,,,,,,,,9,,,,,,,18,,,,,,,,,,,,,,,233,,,,,,,,,,,,,,0,,2,,,,,0,,,,,,,12,,,,1,,,,,,,,,0,,,,,207,,,,,,,,,,,,301,,,0,,,,,,,1,1,,152,,,0,2,,,,,,1270,0,0,0,0,0,0,0,0,0,0,0,0,0,0,0,0,0.04015748,0,0,0,0,0,0,0,0,0,0,0,0,0,0.143307087,0,0,0,0,0,0.011811024,0.057480315,0,0,0,0,0,0,0,0,0,0,0,0,0,0,0,0,0,0,0,0,0,0,0,0,0,0.002362205,0,0,0,0,0.000787402,0,0,0,0,0.004724409,0,0,0,0,0,0,0,0.007086614,0,0,0,0,0,0,0.014173228,0,0,0,0,0,0,0,0,0,0,0,0,0,0,0.183464567,0,0,0,0,0,0,0,0,0,0,0,0,0,0,0,0.001574803,0,0,0,0,0,0,0,0,0,0,0,0.009448819,0,0,0,0.000787402,0,0,0,0,0,0,0,0,0,0,0,0,0,0.162992126,0,0,0,0,0,0,0,0,0,0,0,0.237007874,0,0,0,0,0,0,0,0,0,0.000787402,0.000787402,0,0.119685039,0,0,0,0.001574803,0,0,0,0
Nicaragua,Export Quantity,2009,Fruit Fresh Nes,,,,,,,,,,,,,,,,,,,,,,,,,,,,,,,0,,,,,,,,,,,,,852,,,,,,,,,,,,,221,,,,,,,,,,,,,,,,,,777,,,281,,,,,,,,,,,0,,,,,,,,,,,,,,,,,,,,,,,,,,,,,,,,,,,,,,,,,,,,,,,,,,,,,,,,,,,,,,,,,,,,,,,,,,,,,,,,,,,,,,0,,,,,,,,,,2131,0,0,0,0,0,0,0,0,0,0,0,0,0,0,0,0,0,0,0,0,0,0,0,0,0,0,0,0,0,0,0,0,0,0,0,0,0,0,0,0,0,0,0,0.399812295,0,0,0,0,0,0,0,0,0,0,0,0,0.10370718,0,0,0,0,0,0,0,0,0,0,0,0,0,0,0,0,0,0.36461755,0,0,0.131862975,0,0,0,0,0,0,0,0,0,0,0,0,0,0,0,0,0,0,0,0,0,0,0,0,0,0,0,0,0,0,0,0,0,0,0,0,0,0,0,0,0,0,0,0,0,0,0,0,0,0,0,0,0,0,0,0,0,0,0,0,0,0,0,0,0,0,0,0,0,0,0,0,0,0,0,0,0,0,0,0,0,0,0,0,0,0,0,0,0,0,0,0,0,0,0,0,0,0,0,0,0,0,0,0,0
Norway,Export Quantity,2009,Fruit Fresh Nes,,,,,,,,,,,,,,,,,,,,,,,,,,,,,,,,,,,,,,,,,,,,,,,,,,,,1,,,,,,,,,,,,,,,,,,,,,,,,,,,,,,,,,,,,,,,,,,,,,,,,,,,,,,,,,,,,,,,,,,,,,,,,,,,,,,,,,,,,,,,,,,,,,,,,,,,,,,,,,,,,,,,,,,,,,,,,,,,,,,,,,,,,,1,0,0,0,0,0,0,0,0,0,0,0,0,0,0,0,0,0,0,0,0,0,0,0,0,0,0,0,0,0,0,0,0,0,0,0,0,0,0,0,0,0,0,0,0,0,0,0,0,0,0,0,1,0,0,0,0,0,0,0,0,0,0,0,0,0,0,0,0,0,0,0,0,0,0,0,0,0,0,0,0,0,0,0,0,0,0,0,0,0,0,0,0,0,0,0,0,0,0,0,0,0,0,0,0,0,0,0,0,0,0,0,0,0,0,0,0,0,0,0,0,0,0,0,0,0,0,0,0,0,0,0,0,0,0,0,0,0,0,0,0,0,0,0,0,0,0,0,0,0,0,0,0,0,0,0,0,0,0,0,0,0,0,0,0,0,0,0,0,0,0,0,0,0,0,0,0,0,0,0,0,0,0,0
Pakistan,Export Quantity,2009,Fruit Fresh Nes,837,,,,,,,,1,,,,483,,,,,,,,,,,,,,,,,,127,,,,,,0,,,,,,,,,,,,,,,11,,,,,,,,,,,,5,,,,,72,,10,,,,,,,,,,,,,,,,43,,,,,,107,,,,,,,,,,,,31,,,,,,,,,,,,,6,,,,,,,,15,5,,,,,,,,405,,,,,,,,,,827,,,,,41,,,,,33,,,13,4,,,2,,,,,,,,,,,530,,22,,,,,,,,,,3630,0.230578512,0,0,0,0,0,0,0,0.000275482,0,0,0,0.133057851,0,0,0,0,0,0,0,0,0,0,0,0,0,0,0,0,0,0.034986226,0,0,0,0,0,0,0,0,0,0,0,0,0,0,0,0,0,0,0,0,0.003030303,0,0,0,0,0,0,0,0,0,0,0,0.00137741,0,0,0,0,0.019834711,0,0.002754821,0,0,0,0,0,0,0,0,0,0,0,0,0,0,0,0.01184573,0,0,0,0,0,0.029476584,0,0,0,0,0,0,0,0,0,0,0,0.008539945,0,0,0,0,0,0,0,0,0,0,0,0,0.001652893,0,0,0,0,0,0,0,0.004132231,0.00137741,0,0,0,0,0,0,0,0.111570248,0,0,0,0,0,0,0,0,0,0.227823691,0,0,0,0,0.011294766,0,0,0,0,0.009090909,0,0,0.003581267,0.001101928,0,0,0.000550964,0,0,0,0,0,0,0,0,0,0,0.14600551,0,0.006060606,0,0,0,0,0,0,0,0
Panama,Export Quantity,2009,Fruit Fresh Nes,,,,,,,,,,,,,,,,,,,,,,,,,,,,,,,,,,,,,,,,,,,,,,,,,,,,,,,,,,,,,,,,,,,,,,,,,,,,,,,,,,,,,,,1,,,,,,,,,,,,,,,,,,,,,,,,,,,,,,,,,,,,,,,,,,,,,,,,,,,,,,,,,,,,,,,,,,,,,,,,,,,,,,,,,,,,,,,,,,,,,,,,,,1,0,0,0,0,0,0,0,0,0,0,0,0,0,0,0,0,0,0,0,0,0,0,0,0,0,0,0,0,0,0,0,0,0,0,0,0,0,0,0,0,0,0,0,0,0,0,0,0,0,0,0,0,0,0,0,0,0,0,0,0,0,0,0,0,0,0,0,0,0,0,0,0,0,0,0,0,0,0,0,0,0,0,0,0,0,0,1,0,0,0,0,0,0,0,0,0,0,0,0,0,0,0,0,0,0,0,0,0,0,0,0,0,0,0,0,0,0,0,0,0,0,0,0,0,0,0,0,0,0,0,0,0,0,0,0,0,0,0,0,0,0,0,0,0,0,0,0,0,0,0,0,0,0,0,0,0,0,0,0,0,0,0,0,0,0,0,0,0,0,0,0,0,0,0,0,0,0,0,0,0,0,0,0
Peru,Export Quantity,2009,Fruit Fresh Nes,,,,,,,,,,,,,,,,,,,,,,,,,,,,,,,,,,,,,,,,,,,,,,,,,,,,,,,,,,,,,,,,0,,,,,0,,,,,,,,,,,,,,,,,,,,,,,,,,,,,,,,,,,,,,,,,,,,,,,,,,,,,,,,,,,,,,,,,,,,,,,,,,,,,,,,,,,,,0,,,,,,,,,,,,,,,,,,,,,,,,,,,,,,,0.3,0,0,0,0,0,0,0,0,0,0,0,0,0,0,0,0,0,0,0,0,0,0,0,0,0,0,0,0,0,0,0,0,0,0,0,0,0,0,0,0,0,0,0,0,0,0,0,0,0,0,0,0,0,0,0,0,0,0,0,0,0,0,0,0,0,0,0,0,0,0,0,0,0,0,0,0,0,0,0,0,0,0,0,0,0,0,0,0,0,0,0,0,0,0,0,0,0,0,0,0,0,0,0,0,0,0,0,0,0,0,0,0,0,0,0,0,0,0,0,0,0,0,0,0,0,0,0,0,0,0,0,0,0,0,0,0,0,0,0,0,0,0,0,0,0,0,0,0,0,0,0,0,0,0,0,0,0,0,0,0,0,0,0,0,0,0,0,0,0,0,0,0,0,0,0,0,0,0,0,0,0,0,0
Philippines,Export Quantity,2009,Fruit Fresh Nes,,,,,,,,,0,,,,,,,,,,,,,,,,,,,,,,17,,,,,,26,4,0,,,,,,,,,,,,,,,,,,,,,,,,,0,,,,,0,,0,,,,,,,,,,,,,,,,,,0,,,,1,,,,,,,,,,,,,,,,,,,,,,,,,,,,1,,,,,,,,,,,,,,0,,,,,,,,,,1,,,,,,,,,0,,,,,,,,,,,,,,,,,,4,,,6,,,,,,,,,,60,0,0,0,0,0,0,0,0,0,0,0,0,0,0,0,0,0,0,0,0,0,0,0,0,0,0,0,0,0,0,0.283333333,0,0,0,0,0,0.433333333,0.066666667,0,0,0,0,0,0,0,0,0,0,0,0,0,0,0,0,0,0,0,0,0,0,0,0,0,0,0,0,0,0,0,0,0,0,0,0,0,0,0,0,0,0,0,0,0,0,0,0,0,0,0,0,0,0,0.016666667,0,0,0,0,0,0,0,0,0,0,0,0,0,0,0,0,0,0,0,0,0,0,0,0,0,0,0,0.016666667,0,0,0,0,0,0,0,0,0,0,0,0,0,0,0,0,0,0,0,0,0,0,0,0.016666667,0,0,0,0,0,0,0,0,0,0,0,0,0,0,0,0,0,0,0,0,0,0,0,0,0,0,0.066666667,0,0,0.1,0,0,0,0,0,0,0,0
Poland,Export Quantity,2009,Fruit Fresh Nes,,,,,,,,,,,,,,,,555,126,,,,,,,,,,,,,,,,,,,,,,,,,,,,,,,,28,,,,,,,,,,30,,,,,26,,,,,880,,,,,,,,,,,,,,,,1,,8,,,,,,,,,23,,,,82,,,,,,,,,,,,,,,,,,62,,,,,,,,0,,,,,,,,,,,,,230,,,,,,,,,,,,136,,,,,,,11,,,,,,,,,,,,,"2,334.00",,1,,,0,,,,,,,,,4533,0,0,0,0,0,0,0,0,0,0,0,0,0,0,0,0.122435473,0.027796161,0,0,0,0,0,0,0,0,0,0,0,0,0,0,0,0,0,0,0,0,0,0,0,0,0,0,0,0,0,0,0,0.006176925,0,0,0,0,0,0,0,0,0,0.006618134,0,0,0,0,0.005735716,0,0,0,0,0.194131921,0,0,0,0,0,0,0,0,0,0,0,0,0,0,0,0.000220604,0,0.001764836,0,0,0,0,0,0,0,0,0.005073902,0,0,0,0.018089565,0,0,0,0,0,0,0,0,0,0,0,0,0,0,0,0,0,0.013677476,0,0,0,0,0,0,0,0,0,0,0,0,0,0,0,0,0,0,0,0,0.050739025,0,0,0,0,0,0,0,0,0,0,0,0.030002206,0,0,0,0,0,0,0.002426649,0,0,0,0,0,0,0,0,0,0,0,0,0.514890801,0,0.000220604,0,0,0,0,0,0,0,0,0,0
Portugal,Export Quantity,2009,Fruit Fresh Nes,,,,3,,,,,,,,,,,,,15,,,,,,,,,,,,,,,13,,,,,,,,,,,,,,,,,,,,,,,,,,,,,,,,6,,,,,0,,,,,,,,,,,,,,,,,,1,,,,,,,,,,,,,,8,,,,,,,,,,,,,,,,,2,,,,,,,,,,,,,,,,,,,,,,,,,,,,,,,,,,,,42,,,,,0,,,,,,,,,,,,,,,,,0,,,,,,,,,90,0,0,0,0.033333333,0,0,0,0,0,0,0,0,0,0,0,0,0.166666667,0,0,0,0,0,0,0,0,0,0,0,0,0,0,0.144444444,0,0,0,0,0,0,0,0,0,0,0,0,0,0,0,0,0,0,0,0,0,0,0,0,0,0,0,0,0,0,0,0.066666667,0,0,0,0,0,0,0,0,0,0,0,0,0,0,0,0,0,0,0,0,0,0,0.011111111,0,0,0,0,0,0,0,0,0,0,0,0,0,0.088888889,0,0,0,0,0,0,0,0,0,0,0,0,0,0,0,0,0.022222222,0,0,0,0,0,0,0,0,0,0,0,0,0,0,0,0,0,0,0,0,0,0,0,0,0,0,0,0,0,0,0,0,0,0,0,0.466666667,0,0,0,0,0,0,0,0,0,0,0,0,0,0,0,0,0,0,0,0,0,0,0,0,0,0,0,0,0
Qatar,Export Quantity,2009,Fruit Fresh Nes,,,,,,,,,,,,,,,,,,,,,,,,,,,,,,,,,,,,,,,,,,,,,,,,,,,,,,,,,,,,,,,,,,,,,,,,,,,,,,,,,,,,,,,,,,,,,15,,,,,,,,,,,,,,,,,,,,,,,,,,,,,,,,,,,,,,,,,,,,,,,,,,,,,,,,,,,,,,,,,,,,,,,,,,,,,,,,,,,,,,,,,,,,15,0,0,0,0,0,0,0,0,0,0,0,0,0,0,0,0,0,0,0,0,0,0,0,0,0,0,0,0,0,0,0,0,0,0,0,0,0,0,0,0,0,0,0,0,0,0,0,0,0,0,0,0,0,0,0,0,0,0,0,0,0,0,0,0,0,0,0,0,0,0,0,0,0,0,0,0,0,0,0,0,0,0,0,0,0,0,0,0,0,0,0,0,1,0,0,0,0,0,0,0,0,0,0,0,0,0,0,0,0,0,0,0,0,0,0,0,0,0,0,0,0,0,0,0,0,0,0,0,0,0,0,0,0,0,0,0,0,0,0,0,0,0,0,0,0,0,0,0,0,0,0,0,0,0,0,0,0,0,0,0,0,0,0,0,0,0,0,0,0,0,0,0,0,0,0,0,0,0,0,0,0,0,0
Republic of Korea,Export Quantity,2009,Fruit Fresh Nes,,,,,,,,,0,,,,,,,,,,,,,,,,,,,,56,,"1,097.00",,,,,,102,"1,089.00",,,,,,,,,,,,,,,,,,8,,,,,,,,,,,,,0,,,,,77,1,,,,,,,43,,,,,,,24,,,,,,,,,,,,,,,"5,396.00",,,,,,,3,,,,,,,0,,,,,,,,,,,,,,68,,,,,,,5,,,,,,,,,,,"1,470.00",,,,,,,,,,,,322,,,,,,,,,,48,1,,140,,,,360,,,,,,10310,0,0,0,0,0,0,0,0,0,0,0,0,0,0,0,0,0,0,0,0,0,0,0,0,0,0,0,0,0.00543162,0,0.106401552,0,0,0,0,0,0.009893307,0.105625606,0,0,0,0,0,0,0,0,0,0,0,0,0,0,0,0,0,0.000775946,0,0,0,0,0,0,0,0,0,0,0,0,0,0,0,0,0,0.007468477,9.69932E-05,0,0,0,0,0,0,0.004170708,0,0,0,0,0,0,0.002327837,0,0,0,0,0,0,0,0,0,0,0,0,0,0,0.523375364,0,0,0,0,0,0,0.00029098,0,0,0,0,0,0,0,0,0,0,0,0,0,0,0,0,0,0,0,0,0.006595538,0,0,0,0,0,0,0.000484966,0,0,0,0,0,0,0,0,0,0,0.142580019,0,0,0,0,0,0,0,0,0,0,0,0.031231814,0,0,0,0,0,0,0,0,0,0.004655674,9.69932E-05,0,0.013579049,0,0,0,0.034917556,0,0,0,0
Romania,Export Quantity,2009,Fruit Fresh Nes,,,,,,,,,,13,,,,,,,,,,,,,,,,,1,,,,,,,,,,,,,,,,,,,,,,,,,,,,,,,,,,,,,,,,,,389,,,,,,,,,,0,,,,,,,,32,,,,,,,,,,,,,,,,,,,,,,,,,,,,,,,193,,,,,,,,,,,,,,,27,,,,10,,,,,,,,,,,,,,,,,,,,,,,,,,,,,,,40,,,,,,,,,,,,,,,,,705,0,0,0,0,0,0,0,0,0,0.018439716,0,0,0,0,0,0,0,0,0,0,0,0,0,0,0,0,0.00141844,0,0,0,0,0,0,0,0,0,0,0,0,0,0,0,0,0,0,0,0,0,0,0,0,0,0,0,0,0,0,0,0,0,0,0,0,0,0,0,0,0,0.55177305,0,0,0,0,0,0,0,0,0,0,0,0,0,0,0,0,0,0.045390071,0,0,0,0,0,0,0,0,0,0,0,0,0,0,0,0,0,0,0,0,0,0,0,0,0,0,0,0,0,0,0.273758865,0,0,0,0,0,0,0,0,0,0,0,0,0,0,0.038297872,0,0,0,0.014184397,0,0,0,0,0,0,0,0,0,0,0,0,0,0,0,0,0,0,0,0,0,0,0,0,0,0,0,0,0,0,0.056737589,0,0,0,0,0,0,0,0,0,0,0,0,0,0,0
Russian Federation,Export Quantity,2009,Fruit Fresh Nes,,,,,,,,,,,,,,,,,,,,,,,,,,,,,,,,,,,,,,,,,,,,,,,,,,,,,,,,,,,,,,,9,,,,,,,,,,,,,,,,,,,,,,,,,,,,8,,,,,,,,,,,,,,,,,,,,1,,,,,,,,,,,,,,,,,,,,,,,,,,,,,,,,,,,,,,,,,,,,,,,92,,,,,,,,,,,,,17,,,,,,1,,,,,,,,128,0,0,0,0,0,0,0,0,0,0,0,0,0,0,0,0,0,0,0,0,0,0,0,0,0,0,0,0,0,0,0,0,0,0,0,0,0,0,0,0,0,0,0,0,0,0,0,0,0,0,0,0,0,0,0,0,0,0,0,0,0,0,0.0703125,0,0,0,0,0,0,0,0,0,0,0,0,0,0,0,0,0,0,0,0,0,0,0,0,0,0,0,0.0625,0,0,0,0,0,0,0,0,0,0,0,0,0,0,0,0,0,0,0,0.0078125,0,0,0,0,0,0,0,0,0,0,0,0,0,0,0,0,0,0,0,0,0,0,0,0,0,0,0,0,0,0,0,0,0,0,0,0,0,0,0,0,0,0,0,0,0,0,0.71875,0,0,0,0,0,0,0,0,0,0,0,0,0.1328125,0,0,0,0,0,0.0078125,0,0,0,0,0,0
Rwanda,Export Quantity,2009,Fruit Fresh Nes,,,,,,,,,,,,,,,,,2,,,,,,,,,,,,,,,,,,,,,,,,,,,,,,,,,,,,,,,,,,,,,,,,,,,,0,,,,,,,,,,,,,,,,,,,,,,,,,,,,,,,,,,,,,,,,,,,,,,,,,,,,,,,,,,,,,,,,,,,,,,,,,,,,,,,,,,,,,,,,,,,,,,,,,,,,,336,,,,,,,,,,,,,,,338,0,0,0,0,0,0,0,0,0,0,0,0,0,0,0,0,0.00591716,0,0,0,0,0,0,0,0,0,0,0,0,0,0,0,0,0,0,0,0,0,0,0,0,0,0,0,0,0,0,0,0,0,0,0,0,0,0,0,0,0,0,0,0,0,0,0,0,0,0,0,0,0,0,0,0,0,0,0,0,0,0,0,0,0,0,0,0,0,0,0,0,0,0,0,0,0,0,0,0,0,0,0,0,0,0,0,0,0,0,0,0,0,0,0,0,0,0,0,0,0,0,0,0,0,0,0,0,0,0,0,0,0,0,0,0,0,0,0,0,0,0,0,0,0,0,0,0,0,0,0,0,0,0,0,0,0,0,0,0,0,0,0,0,0,0,0,0,0,0,0,0,0.99408284,0,0,0,0,0,0,0,0,0,0,0,0,0
Saint Vincent and the Grenadines,Export Quantity,2009,Fruit Fresh Nes,,,,,,,,,,,,,,,23,,,,,,,,,,0,,,,,,15,,,,,,,,,,,,,,,,,,,,,,,,,,,,,,,,,,,,,,,,,,,,,,,,,,,,,,,,,,,,,,,,,,,,,,,,,,,,,,,,,,,,,,,,,,,,,,,,,,,,,,,,,,,,,,,5,,,,,,,,,,,,,,,,,,,,,,,,40,,,,,,,1,,187,16,,,,,,,,,287,0,0,0,0,0,0,0,0,0,0,0,0,0,0,0.080139373,0,0,0,0,0,0,0,0,0,0,0,0,0,0,0,0.052264808,0,0,0,0,0,0,0,0,0,0,0,0,0,0,0,0,0,0,0,0,0,0,0,0,0,0,0,0,0,0,0,0,0,0,0,0,0,0,0,0,0,0,0,0,0,0,0,0,0,0,0,0,0,0,0,0,0,0,0,0,0,0,0,0,0,0,0,0,0,0,0,0,0,0,0,0,0,0,0,0,0,0,0,0,0,0,0,0,0,0,0,0,0,0,0,0,0,0,0,0,0,0,0,0,0,0,0,0,0,0,0.017421603,0,0,0,0,0,0,0,0,0,0,0,0,0,0,0,0,0,0,0,0,0,0,0,0.139372822,0,0,0,0,0,0,0.003484321,0,0.651567944,0.055749129,0,0,0,0,0,0,0
Senegal,Export Quantity,2009,Fruit Fresh Nes,,,,,,,,,,,,,,,,,,,,,,,,,,,,,,,,11,,,,,,,,,,,,,,,,,,,,0,,,,,,,,,,,,0,,,,,,,,,,,,,,,,,,,,,,,,,,,,,,,,,,,,,,,,,,,,,,,,,,,,,,,,,,,,,,,,,,,,,,,,,,,,,,,,,,,,,,,,,,,,,,,,,,,,,,,,,,,,,,,,0,,,,,,,,,11,0,0,0,0,0,0,0,0,0,0,0,0,0,0,0,0,0,0,0,0,0,0,0,0,0,0,0,0,0,0,0,1,0,0,0,0,0,0,0,0,0,0,0,0,0,0,0,0,0,0,0,0,0,0,0,0,0,0,0,0,0,0,0,0,0,0,0,0,0,0,0,0,0,0,0,0,0,0,0,0,0,0,0,0,0,0,0,0,0,0,0,0,0,0,0,0,0,0,0,0,0,0,0,0,0,0,0,0,0,0,0,0,0,0,0,0,0,0,0,0,0,0,0,0,0,0,0,0,0,0,0,0,0,0,0,0,0,0,0,0,0,0,0,0,0,0,0,0,0,0,0,0,0,0,0,0,0,0,0,0,0,0,0,0,0,0,0,0,0,0,0,0,0,0,0,0,0,0,0,0,0,0,0
Serbia,Export Quantity,2009,Fruit Fresh Nes,,,,,,,,,,,,,,,,,,,,,,9,,,,,,,,,,,,,,,,,,,,,,,,,,,,,,,,,,,,,,,,,,7,,,,,,,,,,,,,,,,,,,,,,,,,,,,,,,,,,,,,,,,,,,,,,,,,,,,,,,,,,,,,,,,,,,,,,,,,,,,,,,,,,,,,,,,,,,,,,,,,,,,,,,,,,,,,,,,,,,,,,,,,16,0,0,0,0,0,0,0,0,0,0,0,0,0,0,0,0,0,0,0,0,0,0.5625,0,0,0,0,0,0,0,0,0,0,0,0,0,0,0,0,0,0,0,0,0,0,0,0,0,0,0,0,0,0,0,0,0,0,0,0,0,0,0,0,0,0.4375,0,0,0,0,0,0,0,0,0,0,0,0,0,0,0,0,0,0,0,0,0,0,0,0,0,0,0,0,0,0,0,0,0,0,0,0,0,0,0,0,0,0,0,0,0,0,0,0,0,0,0,0,0,0,0,0,0,0,0,0,0,0,0,0,0,0,0,0,0,0,0,0,0,0,0,0,0,0,0,0,0,0,0,0,0,0,0,0,0,0,0,0,0,0,0,0,0,0,0,0,0,0,0,0,0,0,0,0,0,0,0,0,0,0,0,0,0,0,0
Slovakia,Export Quantity,2009,Fruit Fresh Nes,,,,,,,,,,,,,,,,,,,,,,,,,,,,,,,,,,,,,,,,,,,,,,,,,0,,,,,,,,,,,,,,,,,,,,,,,,,,,,,,21,,,,,,,,,,,,,,,,,,,,,,,,,,,,,,,,,,,,,,,,,,,,,,,,,,,,,,,,,,,,,,,,,,,,,,,,,,,,,,,,,,,,,,,,,,,,13,,,,,,,,,,,,,,34,0,0,0,0,0,0,0,0,0,0,0,0,0,0,0,0,0,0,0,0,0,0,0,0,0,0,0,0,0,0,0,0,0,0,0,0,0,0,0,0,0,0,0,0,0,0,0,0,0,0,0,0,0,0,0,0,0,0,0,0,0,0,0,0,0,0,0,0,0,0,0,0,0,0,0,0,0,0,0.617647059,0,0,0,0,0,0,0,0,0,0,0,0,0,0,0,0,0,0,0,0,0,0,0,0,0,0,0,0,0,0,0,0,0,0,0,0,0,0,0,0,0,0,0,0,0,0,0,0,0,0,0,0,0,0,0,0,0,0,0,0,0,0,0,0,0,0,0,0,0,0,0,0,0,0,0,0,0,0,0,0,0,0,0,0,0,0,0,0,0,0,0,0.382352941,0,0,0,0,0,0,0,0,0,0,0,0
Slovenia,Export Quantity,2009,Fruit Fresh Nes,,,,,,,,,,0,,,,,,,,,,,,16,,,,,,,,,,,,,,,,,,,,,,,,37,,,,,,,,,,,,,,,,,,11,,,,,35,,,,,,,,,,,,,,,,,,663,,,,,,,,,,,,,,,,,,,,,,,,,0,,,,,,6,,,,,,,,4,,,,,,,4,,,,10,,,,,,,,,,16,,,,,,,2,,,,,,,,,,,,,,4,,,2,,31,,,,,,,,,,,,841,0,0,0,0,0,0,0,0,0,0,0,0,0,0,0,0,0,0,0,0,0,0.01902497,0,0,0,0,0,0,0,0,0,0,0,0,0,0,0,0,0,0,0,0,0,0,0,0.043995244,0,0,0,0,0,0,0,0,0,0,0,0,0,0,0,0,0,0.013079667,0,0,0,0,0.041617122,0,0,0,0,0,0,0,0,0,0,0,0,0,0,0,0,0,0.788347206,0,0,0,0,0,0,0,0,0,0,0,0,0,0,0,0,0,0,0,0,0,0,0,0,0,0,0,0,0,0,0.007134364,0,0,0,0,0,0,0,0.004756243,0,0,0,0,0,0,0.004756243,0,0,0,0.011890606,0,0,0,0,0,0,0,0,0,0.01902497,0,0,0,0,0,0,0.002378121,0,0,0,0,0,0,0,0,0,0,0,0,0,0.004756243,0,0,0.002378121,0,0.03686088,0,0,0,0,0,0,0,0,0,0
South Africa,Export Quantity,2009,Fruit Fresh Nes,1,,,78,,,,,,0,,,4,,,,2,0,,,,,,,,,,,,,65,19,,,0,,0,152,,,,0,,,1,,,,,,6,,,,,4,,,,0,,,,689,,3,,,150,1,,,,,,0,,,,,,,,,0,,71,,,,,34,1,,,,1,,,,,8,3,54,0,0,,20,,,,,,811,,,,"5,935.00",,,,,,1,,,,,,0,,,,,3,,,,19,0,0,,,,60,,,11,,237,,,,151,,,,,164,,,,,,,,,,,0,,98,825,0,139,302,,,,,,21,66,,10210,9.79432E-05,0,0,0.007639569,0,0,0,0,0,0,0,0,0.000391773,0,0,0,0.000195886,0,0,0,0,0,0,0,0,0,0,0,0,0,0.006366308,0.001860921,0,0,0,0,0,0.014887365,0,0,0,0,0,0,9.79432E-05,0,0,0,0,0,0.000587659,0,0,0,0,0.000391773,0,0,0,0,0,0,0,0.06748286,0,0.00029383,0,0,0.014691479,9.79432E-05,0,0,0,0,0,0,0,0,0,0,0,0,0,0,0,0,0.006953967,0,0,0,0,0.003330069,9.79432E-05,0,0,0,9.79432E-05,0,0,0,0,0.000783546,0.00029383,0.005288932,0,0,0,0.001958864,0,0,0,0,0,0.079431929,0,0,0,0.58129285,0,0,0,0,0,9.79432E-05,0,0,0,0,0,0,0,0,0,0,0.00029383,0,0,0,0.001860921,0,0,0,0,0,0.005876592,0,0,0.001077375,0,0.023212537,0,0,0,0.014789422,0,0,0,0,0.016062684,0,0,0,0,0,0,0,0,0,0,0,0,0.009598433,0.080803134,0,0.013614104,0.029578844,0,0,0,0,0,0.002056807,0.006464251
Spain,Export Quantity,2009,Fruit Fresh Nes,,,55,,,,,,,311,,,295,,,"1,160.00","1,924.00",,,,,,,198,,,4,,,,447,1,,,,,,,,,,,,1,,20,,8,823,,,432,,,,,,,595,,,,190,"10,952.00",,,,,"21,084.00",,120,,,,,,,,434,,,18,,,39,,"16,462.00",,,1,,36,1,,,"1,338.00",,,,"1,321.00",1,,,280,,,5,,,,,,255,,,,,"6,686.00",,,,,,,,41,,,,,,,"3,644.00","5,966.00",1,,8,,"5,844.00",,,,,,115,,3,,,,161,135,,"1,076.00",,,,485,553,,,134,,,,,,,,,475,504,"2,631.00",,108,1,,,,,,,,,87382,0,0,0.00062942,0,0,0,0,0,0,0.003559085,0,0,0.003375981,0,0,0.013275045,0.022018265,0,0,0,0,0,0,0.002265913,0,0,4.5776E-05,0,0,0,0.00511547,1.1444E-05,0,0,0,0,0,0,0,0,0,0,0,1.1444E-05,0,0.00022888,0,9.1552E-05,0.009418416,0,0,0.00494381,0,0,0,0,0,0,0.006809183,0,0,0,0.002174361,0.125334737,0,0,0,0,0.241285391,0,0.001373281,0,0,0,0,0,0,0,0.004966698,0,0,0.000205992,0,0,0.000446316,0,0.188391202,0,0,1.1444E-05,0,0.000411984,1.1444E-05,0,0,0.015312078,0,0,0,0.01511753,1.1444E-05,0,0,0.003204321,0,0,5.722E-05,0,0,0,0,0,0.002918221,0,0,0,0,0.076514614,0,0,0,0,0,0,0,0.000469204,0,0,0,0,0,0,0.041701952,0.068274931,1.1444E-05,0,9.1552E-05,0,0.066878762,0,0,0,0,0,0.001316061,0,3.4332E-05,0,0,0,0.001842485,0.001544941,0,0.012313749,0,0,0,0.005550342,0.006328534,0,0,0.001533497,0,0,0,0,0,0,0,0,0.005435902,0.005767778,0.030109176,0,0.001235952,1.1444E-05,0,0,0,0,0,0,0
Sri Lanka,Export Quantity,2009,Fruit Fresh Nes,,,,,,,,,1,1,,,17,,,,0,,,,,2,0,,,,,,,,1,,,,,,0,,,,,,,,,,,0,1,,,,,,,,,,,,,,,65,,,,,16,,,,,,,,,,,,,,1,,,,1,,0,,,,1,,,,,,,,,,,2,610,1,,,,,,,,,,,,0,,,5,,,,,0,,10,,,,0,0,,141,,,,,,,,,,40,,,,,0,,,,0,,,0,0,30,,,,,,,,,,,,,20,17,,20,,,,,,,,,,1003,0,0,0,0,0,0,0,0,0.000997009,0.000997009,0,0,0.016949153,0,0,0,0,0,0,0,0,0.001994018,0,0,0,0,0,0,0,0,0.000997009,0,0,0,0,0,0,0,0,0,0,0,0,0,0,0,0,0,0.000997009,0,0,0,0,0,0,0,0,0,0,0,0,0,0,0.064805583,0,0,0,0,0.015952144,0,0,0,0,0,0,0,0,0,0,0,0,0,0.000997009,0,0,0,0.000997009,0,0,0,0,0,0.000997009,0,0,0,0,0,0,0,0,0,0,0.001994018,0.608175474,0.000997009,0,0,0,0,0,0,0,0,0,0,0,0,0,0,0.004985045,0,0,0,0,0,0,0.00997009,0,0,0,0,0,0,0.140578265,0,0,0,0,0,0,0,0,0,0.039880359,0,0,0,0,0,0,0,0,0,0,0,0,0,0.029910269,0,0,0,0,0,0,0,0,0,0,0,0,0.019940179,0.016949153,0,0.019940179,0,0,0,0,0,0,0,0
Sweden,Export Quantity,2009,Fruit Fresh Nes,,,,,,,,,,,,,,,,,,,,,,,,,,,,,,,,,,,,,,,,,,,,,,,,,,,,115,,,,,,,,,,,33,,,,,,3,,,,,,,,,,,,,,,,,,,,,,,,,,,,,,,,,,,,,,,,,,,,,,,,,9,,,,,,,,58,,,,,,,,,,,,,,,,,,,,,,,,,,,,8,,,,,,,,,,,,,,,,,,,,,,,,,,,,,,,226,0,0,0,0,0,0,0,0,0,0,0,0,0,0,0,0,0,0,0,0,0,0,0,0,0,0,0,0,0,0,0,0,0,0,0,0,0,0,0,0,0,0,0,0,0,0,0,0,0,0,0,0.508849558,0,0,0,0,0,0,0,0,0,0,0.146017699,0,0,0,0,0,0.013274336,0,0,0,0,0,0,0,0,0,0,0,0,0,0,0,0,0,0,0,0,0,0,0,0,0,0,0,0,0,0,0,0,0,0,0,0,0,0,0,0,0,0,0,0,0,0,0,0,0.039823009,0,0,0,0,0,0,0,0.256637168,0,0,0,0,0,0,0,0,0,0,0,0,0,0,0,0,0,0,0,0,0,0,0,0,0,0,0,0.03539823,0,0,0,0,0,0,0,0,0,0,0,0,0,0,0,0,0,0,0,0,0,0,0,0,0,0,0,0,0
Switzerland,Export Quantity,2009,Fruit Fresh Nes,,,,,,,,,,,,,,,,,1,,,,,,,,,,,,,,,,,,,,,,,,,,,,,,,,,,,,,,,,,,,,,,,2,,,,,0,,,,,,,,,,,,,,,,,,,,,,,,,,,,,,,,,,,,,,,,,,,,,,,,,17,,,,,,,,,,,,,,,,,,,,,,,,,,,,,,,,,,,,,,,,,,,,,,,,,,,,,,,0,,,,,,,,,,,,20,0,0,0,0,0,0,0,0,0,0,0,0,0,0,0,0,0.05,0,0,0,0,0,0,0,0,0,0,0,0,0,0,0,0,0,0,0,0,0,0,0,0,0,0,0,0,0,0,0,0,0,0,0,0,0,0,0,0,0,0,0,0,0,0,0.1,0,0,0,0,0,0,0,0,0,0,0,0,0,0,0,0,0,0,0,0,0,0,0,0,0,0,0,0,0,0,0,0,0,0,0,0,0,0,0,0,0,0,0,0,0,0,0,0,0,0,0,0,0,0.85,0,0,0,0,0,0,0,0,0,0,0,0,0,0,0,0,0,0,0,0,0,0,0,0,0,0,0,0,0,0,0,0,0,0,0,0,0,0,0,0,0,0,0,0,0,0,0,0,0,0,0,0,0,0,0,0,0,0,0,0,0,0,0,0,0
Syrian Arab Republic,Export Quantity,2009,Fruit Fresh Nes,,,,,,,,,,,,,,,,,,,,,,,,,,,,,,,,,,,,,,,,,,,,,,,,,,,,,,,,,,,,,,,,,,,,,,,,,,,,,,,,,,,,"8,853.00",,,,,,"4,448.00",,,"1,078.00",,,,104,,,,,,,,,,,,,,,,,,,,,,,,,,,,,,466,,,,,,,,657,,,,,,,,,,914,,,,,,,,,,,,,,,,,,,,,,,60,,,,92,,,,,,,,,,,,,16672,0,0,0,0,0,0,0,0,0,0,0,0,0,0,0,0,0,0,0,0,0,0,0,0,0,0,0,0,0,0,0,0,0,0,0,0,0,0,0,0,0,0,0,0,0,0,0,0,0,0,0,0,0,0,0,0,0,0,0,0,0,0,0,0,0,0,0,0,0,0,0,0,0,0,0,0,0,0,0,0,0,0,0,0.531010077,0,0,0,0,0,0.266794626,0,0,0.064659309,0,0,0,0.006238004,0,0,0,0,0,0,0,0,0,0,0,0,0,0,0,0,0,0,0,0,0,0,0,0,0,0,0,0,0,0.027951056,0,0,0,0,0,0,0,0.03940739,0,0,0,0,0,0,0,0,0,0.054822457,0,0,0,0,0,0,0,0,0,0,0,0,0,0,0,0,0,0,0,0,0,0,0.003598848,0,0,0,0.005518234,0,0,0,0,0,0,0,0,0,0,0
Thailand,Export Quantity,2009,Fruit Fresh Nes,,,,0,0,,,,833,165,,,253,15,2,,29,,,0,,,,,,947,,,"2,897.00",,"2,851.00",,,,,0,"78,702.00","89,479.00",7,,,,,,1,,,,176,,,51,,,1,12,,,,,,,0,"1,447.00",,,,,690,0,4,,,,,,,,4,1,"1,033.00","59,771.00",326,,,22,150,,79,1,,0,317,,"4,383.00",,5,,,,1,,,"7,685.00",434,,1,5,,,,,1,,"1,915.00",,1,"1,271.00",,0,361,,,,,143,111,90,,0,,"3,874.00",8,,267,312,,4,394,,,,,,256,,,,,"3,446.00",,,0,9,68,0,0,147,727,,,,,,,,,,,,5,"4,037.00",854,,"4,308.00",,,,"20,370.00",,,,,,295759,0,0,0,0,0,0,0,0,0.002816482,0.000557887,0,0,0.000855426,5.0717E-05,6.76226E-06,0,9.80528E-05,0,0,0,0,0,0,0,0,0.003201931,0,0,0.009795137,0,0.009639605,0,0,0,0,0,0.266101792,0.302540244,2.36679E-05,0,0,0,0,0,3.38113E-06,0,0,0,0.000595079,0,0,0.000172438,0,0,3.38113E-06,4.05736E-05,0,0,0,0,0,0,0,0.004892497,0,0,0,0,0.002332981,0,1.35245E-05,0,0,0,0,0,0,0,1.35245E-05,3.38113E-06,0.003492709,0.202093596,0.001102249,0,0,7.43849E-05,0.00050717,0,0.000267109,3.38113E-06,0,0,0.001071819,0,0.014819498,0,1.69057E-05,0,0,0,3.38113E-06,0,0,0.025983994,0.001467411,0,3.38113E-06,1.69057E-05,0,0,0,0,3.38113E-06,0,0.006474866,0,3.38113E-06,0.004297418,0,0,0.001220588,0,0,0,0,0.000483502,0.000375306,0.000304302,0,0,0,0.013098502,2.70491E-05,0,0.000902762,0.001054913,0,1.35245E-05,0.001332166,0,0,0,0,0,0.00086557,0,0,0,0,0.011651378,0,0,0,3.04302E-05,0.000229917,0,0,0.000497026,0.002458082,0,0,0,0,0,0,0,0,0,0,0,1.69057E-05,0.013649627,0.002887486,0,0.014565913,0,0,0,0.068873644,0,0,0,0
The former Yugoslav Republic of Macedonia,Export Quantity,2009,Fruit Fresh Nes,,,,,,,,,,,,,,,,,,,,,,26,,,,,51,,,,,,,,,,,,,,,,,,,4,,,,,,,,,,,,,,,,,,,,,,,,,5,,,,,,,,,,,,,,,,,,,,,,,,,,,,,,,,,,,,,,,,,,,,,,,,,,,,,,,,,,,,,,,,,,33,,209,,,,,,,,77,,,,,,,,,,,1,1,,,,,,,,,,,,2,,,,,,,,,,,,,,409,0,0,0,0,0,0,0,0,0,0,0,0,0,0,0,0,0,0,0,0,0,0.063569682,0,0,0,0,0.124694377,0,0,0,0,0,0,0,0,0,0,0,0,0,0,0,0,0,0,0.009779951,0,0,0,0,0,0,0,0,0,0,0,0,0,0,0,0,0,0,0,0,0,0,0,0,0.012224939,0,0,0,0,0,0,0,0,0,0,0,0,0,0,0,0,0,0,0,0,0,0,0,0,0,0,0,0,0,0,0,0,0,0,0,0,0,0,0,0,0,0,0,0,0,0,0,0,0,0,0,0,0,0,0,0,0,0,0,0,0,0,0,0,0,0.080684597,0,0.511002445,0,0,0,0,0,0,0,0.188264059,0,0,0,0,0,0,0,0,0,0,0.002444988,0.002444988,0,0,0,0,0,0,0,0,0,0,0,0.004889976,0,0,0,0,0,0,0,0,0,0,0,0
Trinidad and Tobago,Export Quantity,2009,Fruit Fresh Nes,,,,,,,,,,,,,,,,,,,,,,,,,,,,,,,9,,,,,,,,,,,,,,,,,,,,,,,,,,,,,,,,,,,,,,,,,,0,,,,,,,,,,,,,,,,,,,,,,,,,,,,,,,,,,,,,,,,,,,,,,,,,,,,,,,,,,,,,,,,,,,,,,,,,,,,,,,,,,,,,,,,,,,,,,,,,,,,,,2,36,,,,,,,,,47,0,0,0,0,0,0,0,0,0,0,0,0,0,0,0,0,0,0,0,0,0,0,0,0,0,0,0,0,0,0,0.191489362,0,0,0,0,0,0,0,0,0,0,0,0,0,0,0,0,0,0,0,0,0,0,0,0,0,0,0,0,0,0,0,0,0,0,0,0,0,0,0,0,0,0,0,0,0,0,0,0,0,0,0,0,0,0,0,0,0,0,0,0,0,0,0,0,0,0,0,0,0,0,0,0,0,0,0,0,0,0,0,0,0,0,0,0,0,0,0,0,0,0,0,0,0,0,0,0,0,0,0,0,0,0,0,0,0,0,0,0,0,0,0,0,0,0,0,0,0,0,0,0,0,0,0,0,0,0,0,0,0,0,0,0,0,0,0,0,0,0,0,0,0,0,0,0.042553191,0.765957447,0,0,0,0,0,0,0
Tunisia,Export Quantity,2009,Fruit Fresh Nes,,,22,,,,,,,,,,11,,,,,,,,,,,,,,,,,,,,,,,,,,,,,,,,,,,,,,,,,,,,,,,12,,,,581,,,,,15,,,,,,,,,,,,,,,,,,116,,,,,,42,,,,,,"3,209.00",,,,,,,2,,1,,,,,,,,,,,,,,,,,,,1,,,,,,,,141,,,,21,,,,,,14,,,,,,,,,40,,,,21,,,,,,,,,,,,,,238,,,,48,,,,,,,,,4535,0,0,0.004851158,0,0,0,0,0,0,0,0,0,0.002425579,0,0,0,0,0,0,0,0,0,0,0,0,0,0,0,0,0,0,0,0,0,0,0,0,0,0,0,0,0,0,0,0,0,0,0,0,0,0,0,0,0,0,0,0,0,0,0.002646086,0,0,0,0.128114664,0,0,0,0,0.003307607,0,0,0,0,0,0,0,0,0,0,0,0,0,0,0,0,0,0.025578831,0,0,0,0,0,0.009261301,0,0,0,0,0,0.707607497,0,0,0,0,0,0,0.000441014,0,0.000220507,0,0,0,0,0,0,0,0,0,0,0,0,0,0,0,0,0,0,0.000220507,0,0,0,0,0,0,0,0.03109151,0,0,0,0.00463065,0,0,0,0,0,0.0030871,0,0,0,0,0,0,0,0,0.008820287,0,0,0,0.00463065,0,0,0,0,0,0,0,0,0,0,0,0,0,0.052480706,0,0,0,0.010584344,0,0,0,0,0,0,0
Turkey,Export Quantity,2009,Fruit Fresh Nes,,33,,,,,,,,300,107,,1,,,657,82,,,,,489,,,,,"6,403.00",,,,,,,,,,,,,,,,,,,682,,23,198,,,156,,,,,,,,,,,,179,,,,190,"6,835.00",,737,,,,,,,43,53,,,,"1,428.00","1,004.00",,,71,,,,24,,7,7,,216,,,,65,,,,7,,,,,,,,,,,,,,548,,,,,,,,99,,,,,,,445,,1,0,861,605,"10,853.00",,,,,,46,,,,,,63,33,,38,,,,491,139,,,,21,,,,,,6,,"6,337.00",50,449,,,,,,,,,,,,41082,0,0.000803272,0,0,0,0,0,0,0,0.007302468,0.002604547,0,2.43416E-05,0,0,0.015992405,0.001996008,0,0,0,0,0.011903023,0,0,0,0,0.155859014,0,0,0,0,0,0,0,0,0,0,0,0,0,0,0,0,0,0,0.016600944,0,0.000559856,0.004819629,0,0,0.003797283,0,0,0,0,0,0,0,0,0,0,0,0.004357139,0,0,0,0.004624897,0.166374568,0,0.01793973,0,0,0,0,0,0,0.001046687,0.001290103,0,0,0,0.034759749,0.024438927,0,0,0.001728251,0,0,0,0.000584197,0,0.000170391,0.000170391,0,0.005257777,0,0,0,0.001582201,0,0,0,0.000170391,0,0,0,0,0,0,0,0,0,0,0,0,0,0.013339175,0,0,0,0,0,0,0,0.002409815,0,0,0,0,0,0,0.010831995,0,2.43416E-05,0,0.020958084,0.014726644,0.264178959,0,0,0,0,0,0.001119712,0,0,0,0,0,0.001533518,0.000803272,0,0.000924979,0,0,0,0.011951706,0.003383477,0,0,0,0.000511173,0,0,0,0,0,0.000146049,0,0.154252471,0.001217078,0.010929361,0,0,0,0,0,0,0,0,0,0
Uganda,Export Quantity,2009,Fruit Fresh Nes,,,,,,,,,,1,,,,,,,0,,,,,,,,,,,,,,1,,,,,,,0,,,,,,,,,,,,,,23,,,,,,,,,,,,1,,,,,17,,,,,,,,,,,,,,,,,,1,,,,,63,,,,,,,,,,,,,,,,,,,,,,,,,,7,,,,,,,,,0,,,,,,,,,,,,,3,,,,,,,,,,,,,,,,,,0,3,,,,,,,,,,,,,52,37,,,,,,,,,,,,209,0,0,0,0,0,0,0,0,0,0.004784689,0,0,0,0,0,0,0,0,0,0,0,0,0,0,0,0,0,0,0,0,0.004784689,0,0,0,0,0,0,0,0,0,0,0,0,0,0,0,0,0,0,0,0,0.110047847,0,0,0,0,0,0,0,0,0,0,0,0.004784689,0,0,0,0,0.081339713,0,0,0,0,0,0,0,0,0,0,0,0,0,0,0,0,0,0.004784689,0,0,0,0,0.301435407,0,0,0,0,0,0,0,0,0,0,0,0,0,0,0,0,0,0,0,0,0,0,0,0,0,0.033492823,0,0,0,0,0,0,0,0,0,0,0,0,0,0,0,0,0,0,0,0,0,0.014354067,0,0,0,0,0,0,0,0,0,0,0,0,0,0,0,0,0,0,0.014354067,0,0,0,0,0,0,0,0,0,0,0,0,0.248803828,0.177033493,0,0,0,0,0,0,0,0,0,0
Ukraine,Export Quantity,2009,Fruit Fresh Nes,,,,,,,,,,,,,,,,71,,,,,,,,,,,,,,,0,,,,,,,,,,,,,,,,,,,,,,,,,,,,,,,,,,,,,,,,,,,,,,,,,,,,,,0,,,,,,,,,,,,,,,,,,,,,,,,,,,,,,,,,,,,,,,,,,,,,,,,,,,,2,,186,,,,,,,,,,,,,,,,,,,,,,,,,,,,,,,,,,,,0,,,,,,,,,,259,0,0,0,0,0,0,0,0,0,0,0,0,0,0,0,0.274131274,0,0,0,0,0,0,0,0,0,0,0,0,0,0,0,0,0,0,0,0,0,0,0,0,0,0,0,0,0,0,0,0,0,0,0,0,0,0,0,0,0,0,0,0,0,0,0,0,0,0,0,0,0,0,0,0,0,0,0,0,0,0,0,0,0,0,0,0,0,0,0,0,0,0,0,0,0,0,0,0,0,0,0,0,0,0,0,0,0,0,0,0,0,0,0,0,0,0,0,0,0,0,0,0,0,0,0,0,0,0,0,0,0,0,0,0,0,0,0,0,0.007722008,0,0.718146718,0,0,0,0,0,0,0,0,0,0,0,0,0,0,0,0,0,0,0,0,0,0,0,0,0,0,0,0,0,0,0,0,0,0,0,0,0,0,0,0,0,0,0,0
United Kingdom,Export Quantity,2009,Fruit Fresh Nes,,,,,7,,,,0,,,0,,,75,,71,,0,,,,,,,,2,,,,,,,,,,,1,,,,,,,,,1,4,,,,50,,,,0,,,,,,,1,33,,,,,109,,,,1,,,,,,,,,,,,"5,619.00",,19,1,,0,,,,,,,,,,,,,,,5,,,,,,,0,,,,,,882,0,,,,,,,,0,,,,,,34,,,,,,,,,,,,,,,1,,2,,,15,3,,,,6,,,,,,,,,,,,,,7,,,,,,,,,,,,,6949,0,0,0,0,0.001007339,0,0,0,0,0,0,0,0,0,0.01079292,0,0.010217297,0,0,0,0,0,0,0,0,0,0.000287811,0,0,0,0,0,0,0,0,0,0,0.000143906,0,0,0,0,0,0,0,0,0.000143906,0.000575622,0,0,0,0.00719528,0,0,0,0,0,0,0,0,0,0,0.000143906,0.004748885,0,0,0,0,0.01568571,0,0,0,0.000143906,0,0,0,0,0,0,0,0,0,0,0,0.808605555,0,0.002734206,0.000143906,0,0,0,0,0,0,0,0,0,0,0,0,0,0,0,0,0.000719528,0,0,0,0,0,0,0,0,0,0,0,0,0.126924737,0,0,0,0,0,0,0,0,0,0,0,0,0,0,0.00489279,0,0,0,0,0,0,0,0,0,0,0,0,0,0,0.000143906,0,0.000287811,0,0,0.002158584,0.000431717,0,0,0,0.000863434,0,0,0,0,0,0,0,0,0,0,0,0,0,0.001007339,0,0,0,0,0,0,0,0,0,0,0
United Republic of Tanzania,Export Quantity,2009,Fruit Fresh Nes,,,,,,,,,,,,,,,,,,,,,,,,,,,,,,,,,,,,,,,,,2,,,,,,,,,,,,,,,,,,,,,,,,,,,,,,,,,,,,,,,,,,,,,,,,,,,,,,,,,,,,,,,,,,,,,,,,,,,,,,,,,,,,,,,,,,,,,,,,,,,,,,,,,,,,,,,,,,,,,,,,,,,,,,,,,,,,,,,,,,,,,,,,2,0,0,0,0,0,0,0,0,0,0,0,0,0,0,0,0,0,0,0,0,0,0,0,0,0,0,0,0,0,0,0,0,0,0,0,0,0,0,0,0,1,0,0,0,0,0,0,0,0,0,0,0,0,0,0,0,0,0,0,0,0,0,0,0,0,0,0,0,0,0,0,0,0,0,0,0,0,0,0,0,0,0,0,0,0,0,0,0,0,0,0,0,0,0,0,0,0,0,0,0,0,0,0,0,0,0,0,0,0,0,0,0,0,0,0,0,0,0,0,0,0,0,0,0,0,0,0,0,0,0,0,0,0,0,0,0,0,0,0,0,0,0,0,0,0,0,0,0,0,0,0,0,0,0,0,0,0,0,0,0,0,0,0,0,0,0,0,0,0,0,0,0,0,0,0,0,0,0,0,0,0,0,0
United States of America,Export Quantity,2009,Fruit Fresh Nes,,,,,371,,,,879,,,126,3,,32,,566,,"1,956.00",,,,,75,0,,,,,,"15,008.00",,790,,,11,"1,976.00",175,,,,,,39,,,,,,,,,,880,,,6,,,,,,,124,,,,,49,,,,,,,,26,88,,,2,52,,,,,,26,357,,,,175,,,,,,,,,,,11,,,,,,670,,,,,,,,"1,158.00",6,,131,,,,,1,,,118,,,6,,,431,"3,672.00",,,"1,559.00",,,,,,212,,,,,49,,,,,,,,,,,,14,,,,202,,,,,67,"1,537.00",743,,,,,,,,,,,,34379,0,0,0,0,0.010791472,0,0,0,0.025567934,0,0,0.003665028,8.72626E-05,0,0.000930801,0,0.016463539,0,0.056895198,0,0,0,0,0.002181564,0,0,0,0,0,0,0.436545566,0,0.022979144,0,0,0.000319963,0.057476948,0.005090317,0,0,0,0,0,0.001134413,0,0,0,0,0,0,0,0,0,0.025597021,0,0,0.000174525,0,0,0,0,0,0,0.003606853,0,0,0,0,0.001425289,0,0,0,0,0,0,0,0.000756276,0.002559702,0,0,5.8175E-05,0.001512551,0,0,0,0,0,0.000756276,0.010384246,0,0,0,0.005090317,0,0,0,0,0,0,0,0,0,0,0.000319963,0,0,0,0,0,0.019488641,0,0,0,0,0,0,0,0.033683353,0.000174525,0,0.003810466,0,0,0,0,2.90875E-05,0,0,0.003432328,0,0,0.000174525,0,0,0.012536723,0.106809389,0,0,0.04534745,0,0,0,0,0,0.006166555,0,0,0,0,0.001425289,0,0,0,0,0,0,0,0,0,0,0,0.000407225,0,0,0,0.00587568,0,0,0,0,0.001948864,0.044707525,0.021612031,0,0,0,0,0,0,0,0,0,0
Uruguay,Export Quantity,2009,Fruit Fresh Nes,,,,,,,,,,,,,,,,,,,,,,,,,,,,,,,,,,,,,,,,,,,,,,,,,,,,,,,,,,,,,,,,,,,,,,,,,,,,,,,,,,,,,,,,,,,,,,,,,,,,,,,,,,,,,,,,,,,,,,7,,,,,,,,,,,,,,,,,,,,,,,,,,,,,,,,,,,,,,,,,,,,,,,,,,,,,,,,,,,,,,,,,,,7,0,0,0,0,0,0,0,0,0,0,0,0,0,0,0,0,0,0,0,0,0,0,0,0,0,0,0,0,0,0,0,0,0,0,0,0,0,0,0,0,0,0,0,0,0,0,0,0,0,0,0,0,0,0,0,0,0,0,0,0,0,0,0,0,0,0,0,0,0,0,0,0,0,0,0,0,0,0,0,0,0,0,0,0,0,0,0,0,0,0,0,0,0,0,0,0,0,0,0,0,0,0,0,0,0,0,0,0,0,0,0,0,0,0,0,0,0,1,0,0,0,0,0,0,0,0,0,0,0,0,0,0,0,0,0,0,0,0,0,0,0,0,0,0,0,0,0,0,0,0,0,0,0,0,0,0,0,0,0,0,0,0,0,0,0,0,0,0,0,0,0,0,0,0,0,0,0,0,0,0,0,0,0
Venezuela (Bolivarian Republic of),Export Quantity,2009,Fruit Fresh Nes,,,,,,,,6,,,,,,,,,,,,,,,,,,,,,,,,,,,,,,,,,,,,,,,,,0,,,,,,,,,,,,,,,,,,,,,,,,,,,,,,,,,,,,,,,,,,,,,,,,,,,,,,,,,,,,,,,,,,,,,,0,,,,,,,,,,,,,,,,,,,,,,,,,,,,,,,,,,,,,,,,,,,,,,,,,,,,,,,,,,,,,,,,,,6,0,0,0,0,0,0,0,1,0,0,0,0,0,0,0,0,0,0,0,0,0,0,0,0,0,0,0,0,0,0,0,0,0,0,0,0,0,0,0,0,0,0,0,0,0,0,0,0,0,0,0,0,0,0,0,0,0,0,0,0,0,0,0,0,0,0,0,0,0,0,0,0,0,0,0,0,0,0,0,0,0,0,0,0,0,0,0,0,0,0,0,0,0,0,0,0,0,0,0,0,0,0,0,0,0,0,0,0,0,0,0,0,0,0,0,0,0,0,0,0,0,0,0,0,0,0,0,0,0,0,0,0,0,0,0,0,0,0,0,0,0,0,0,0,0,0,0,0,0,0,0,0,0,0,0,0,0,0,0,0,0,0,0,0,0,0,0,0,0,0,0,0,0,0,0,0,0,0,0,0,0,0,0
Yemen,Export Quantity,2009,Fruit Fresh Nes,,,,,,,,,,,,,,,,,,,,,,,,,,,,,,,,,,,,,,,,,,,,,,,,,,,,,,,,,,,,,,,,,,,,,,,,,,,,,,,,,,,,,,,,,,,,,,,,,12,,,,,,,,,,,,,,,,,,,,,,,,,,,,,,17,,,,,,,,2,,,,,,,,,,"10,451.00",,,,,,,,,,,,,,,,,,,,,,,,,,,,,,,,,,,,,,,,10482,0,0,0,0,0,0,0,0,0,0,0,0,0,0,0,0,0,0,0,0,0,0,0,0,0,0,0,0,0,0,0,0,0,0,0,0,0,0,0,0,0,0,0,0,0,0,0,0,0,0,0,0,0,0,0,0,0,0,0,0,0,0,0,0,0,0,0,0,0,0,0,0,0,0,0,0,0,0,0,0,0,0,0,0,0,0,0,0,0,0,0,0,0,0,0,0,0.00114482,0,0,0,0,0,0,0,0,0,0,0,0,0,0,0,0,0,0,0,0,0,0,0,0,0,0,0,0,0,0.001621828,0,0,0,0,0,0,0,0.000190803,0,0,0,0,0,0,0,0,0,0.997042549,0,0,0,0,0,0,0,0,0,0,0,0,0,0,0,0,0,0,0,0,0,0,0,0,0,0,0,0,0,0,0,0,0,0,0,0,0,0
Zambia,Export Quantity,2009,Fruit Fresh Nes,,,,,,,,,,,,,,,,,,,,,,,,,,,,,,,,,,,,,,,,,,,,,,,,,,,7,,,,,,,,,,,,,,,,,,,,,,,,,,,,,,,,,,,,,,,,,,,,,,,,,,,,,,,,,,,,,,,,,,,,,,,,,,,,,,,,,,,,,,,,,,,,,,,,,,,,,,,,,,,,,,,,,,,,,,,,,,,,,,,,,,,,,,7,0,0,0,0,0,0,0,0,0,0,0,0,0,0,0,0,0,0,0,0,0,0,0,0,0,0,0,0,0,0,0,0,0,0,0,0,0,0,0,0,0,0,0,0,0,0,0,0,0,0,1,0,0,0,0,0,0,0,0,0,0,0,0,0,0,0,0,0,0,0,0,0,0,0,0,0,0,0,0,0,0,0,0,0,0,0,0,0,0,0,0,0,0,0,0,0,0,0,0,0,0,0,0,0,0,0,0,0,0,0,0,0,0,0,0,0,0,0,0,0,0,0,0,0,0,0,0,0,0,0,0,0,0,0,0,0,0,0,0,0,0,0,0,0,0,0,0,0,0,0,0,0,0,0,0,0,0,0,0,0,0,0,0,0,0,0,0,0,0,0,0,0,0,0,0,0,0,0,0,0,0,0,0
Zimbabwe,Export Quantity,2009,Fruit Fresh Nes,,,,,,,,,,,,,,,,,18,,,,,,,,,,,,,,,,,,,,,,,,,,,,,,,,,,,,,,,,,,,,,,,20,,,,,,,,,,,,,,,,,,,,,,,17,,,,,,,,,,,,,,,,,,,,,,,,,,,,,,,363,,,,,,,,,,,,,,,,,,,,,,,,,,,,,,,,,,,,,,,,1,,,,,,,,,,,,,,,52,,,,,,,,,,,,471,0,0,0,0,0,0,0,0,0,0,0,0,0,0,0,0,0.038216561,0,0,0,0,0,0,0,0,0,0,0,0,0,0,0,0,0,0,0,0,0,0,0,0,0,0,0,0,0,0,0,0,0,0,0,0,0,0,0,0,0,0,0,0,0,0,0.042462845,0,0,0,0,0,0,0,0,0,0,0,0,0,0,0,0,0,0,0,0,0,0,0.036093418,0,0,0,0,0,0,0,0,0,0,0,0,0,0,0,0,0,0,0,0,0,0,0,0,0,0,0,0,0,0,0.770700637,0,0,0,0,0,0,0,0,0,0,0,0,0,0,0,0,0,0,0,0,0,0,0,0,0,0,0,0,0,0,0,0,0,0,0,0,0,0,0,0.002123142,0,0,0,0,0,0,0,0,0,0,0,0,0,0,0.110403397,0,0,0,0,0,0,0,0,0,0
